Year,Units,Altersklasse,Geschlecht,Art der Opfer-Tatverdächtigen-Beziehung,Grad des Unsicherheitsgefühls,COMMENT_OBS_0,COMMENT_OBS_1,COMMENT_OBS_2,Series,Value
2010,Je 100 000 Einwohner/-innen,,,,,,,,Opfer von vorsätzlicher Tötung,0.97
2011,Je 100 000 Einwohner/-innen,,,,,,,,Opfer von vorsätzlicher Tötung,0.9
2012,Je 100 000 Einwohner/-innen,,,,,,,,Opfer von vorsätzlicher Tötung,0.81
2013,Je 100 000 Einwohner/-innen,,,,,|,,,Opfer von vorsätzlicher Tötung,0.86
2014,Je 100 000 Einwohner/-innen,,,,,,,,Opfer von vorsätzlicher Tötung,0.89
2015,Je 100 000 Einwohner/-innen,,,,,,,,Opfer von vorsätzlicher Tötung,0.84
2016,Je 100 000 Einwohner/-innen,,,,,,,,Opfer von vorsätzlicher Tötung,1.17
2017,Je 100 000 Einwohner/-innen,,,,,,,,Opfer von vorsätzlicher Tötung,0.99
2018,Je 100 000 Einwohner/-innen,,,,,,,,Opfer von vorsätzlicher Tötung,0.95
2019,Je 100 000 Einwohner/-innen,,,,,,,,Opfer von vorsätzlicher Tötung,0.75
2020,Je 100 000 Einwohner/-innen,,,,,,,,Opfer von vorsätzlicher Tötung,0.94
2021,Je 100 000 Einwohner/-innen,,,,,,,,Opfer von vorsätzlicher Tötung,0.84
2022,Je 100 000 Einwohner/-innen,,,,,,,,Opfer von vorsätzlicher Tötung,0.82
2023,Je 100 000 Einwohner/-innen,,,,,,,,Opfer von vorsätzlicher Tötung,0.91
2024,Je 100 000 Einwohner/-innen,,,,,|,,,Opfer von vorsätzlicher Tötung,0.93
2025,Je 100 000 Einwohner/-innen,,,,,,,,Opfer von vorsätzlicher Tötung,1.33
2010,Je 100 000 Einwohner/-innen,13 Jahre und jünger,,,,,,,Opfer von vorsätzlicher Tötung,0.75
2011,Je 100 000 Einwohner/-innen,13 Jahre und jünger,,,,,,,Opfer von vorsätzlicher Tötung,0.72
2012,Je 100 000 Einwohner/-innen,13 Jahre und jünger,,,,,,,Opfer von vorsätzlicher Tötung,0.9
2013,Je 100 000 Einwohner/-innen,13 Jahre und jünger,,,,|,,,Opfer von vorsätzlicher Tötung,0.67
2014,Je 100 000 Einwohner/-innen,13 Jahre und jünger,,,,,,,Opfer von vorsätzlicher Tötung,0.64
2015,Je 100 000 Einwohner/-innen,13 Jahre und jünger,,,,,,,Opfer von vorsätzlicher Tötung,0.63
2016,Je 100 000 Einwohner/-innen,13 Jahre und jünger,,,,,,,Opfer von vorsätzlicher Tötung,0.67
2017,Je 100 000 Einwohner/-innen,13 Jahre und jünger,,,,,,,Opfer von vorsätzlicher Tötung,0.65
2018,Je 100 000 Einwohner/-innen,13 Jahre und jünger,,,,,,,Opfer von vorsätzlicher Tötung,0.67
2019,Je 100 000 Einwohner/-innen,13 Jahre und jünger,,,,,,,Opfer von vorsätzlicher Tötung,0.49
2020,Je 100 000 Einwohner/-innen,13 Jahre und jünger,,,,,,,Opfer von vorsätzlicher Tötung,0.74
2021,Je 100 000 Einwohner/-innen,13 Jahre und jünger,,,,,,,Opfer von vorsätzlicher Tötung,0.77
2022,Je 100 000 Einwohner/-innen,13 Jahre und jünger,,,,,,,Opfer von vorsätzlicher Tötung,0.47
2023,Je 100 000 Einwohner/-innen,13 Jahre und jünger,,,,,,,Opfer von vorsätzlicher Tötung,0.65
2024,Je 100 000 Einwohner/-innen,13 Jahre und jünger,,,,|,,,Opfer von vorsätzlicher Tötung,0.51
2025,Je 100 000 Einwohner/-innen,13 Jahre und jünger,,,,,,,Opfer von vorsätzlicher Tötung,0.85
2010,Je 100 000 Einwohner/-innen,14 bis unter 18 Jahre,,,,,,,Opfer von vorsätzlicher Tötung,0.68
2011,Je 100 000 Einwohner/-innen,14 bis unter 18 Jahre,,,,,,,Opfer von vorsätzlicher Tötung,0.84
2012,Je 100 000 Einwohner/-innen,14 bis unter 18 Jahre,,,,,,,Opfer von vorsätzlicher Tötung,0.19
2013,Je 100 000 Einwohner/-innen,14 bis unter 18 Jahre,,,,|,,,Opfer von vorsätzlicher Tötung,0.37
2014,Je 100 000 Einwohner/-innen,14 bis unter 18 Jahre,,,,,,,Opfer von vorsätzlicher Tötung,0.47
2015,Je 100 000 Einwohner/-innen,14 bis unter 18 Jahre,,,,,,,Opfer von vorsätzlicher Tötung,0.44
2016,Je 100 000 Einwohner/-innen,14 bis unter 18 Jahre,,,,,,,Opfer von vorsätzlicher Tötung,1.09
2017,Je 100 000 Einwohner/-innen,14 bis unter 18 Jahre,,,,,,,Opfer von vorsätzlicher Tötung,0.13
2018,Je 100 000 Einwohner/-innen,14 bis unter 18 Jahre,,,,,,,Opfer von vorsätzlicher Tötung,0.45
2019,Je 100 000 Einwohner/-innen,14 bis unter 18 Jahre,,,,,,,Opfer von vorsätzlicher Tötung,0.36
2020,Je 100 000 Einwohner/-innen,14 bis unter 18 Jahre,,,,,,,Opfer von vorsätzlicher Tötung,0.4
2021,Je 100 000 Einwohner/-innen,14 bis unter 18 Jahre,,,,,,,Opfer von vorsätzlicher Tötung,0.47
2022,Je 100 000 Einwohner/-innen,14 bis unter 18 Jahre,,,,,,,Opfer von vorsätzlicher Tötung,0.46
2023,Je 100 000 Einwohner/-innen,14 bis unter 18 Jahre,,,,,,,Opfer von vorsätzlicher Tötung,0.55
2024,Je 100 000 Einwohner/-innen,14 bis unter 18 Jahre,,,,|,,,Opfer von vorsätzlicher Tötung,0.48
2025,Je 100 000 Einwohner/-innen,14 bis unter 18 Jahre,,,,,,,Opfer von vorsätzlicher Tötung,1.15
2010,Je 100 000 Einwohner/-innen,18 bis unter 21 Jahre,,,,,,,Opfer von vorsätzlicher Tötung,1.34
2011,Je 100 000 Einwohner/-innen,18 bis unter 21 Jahre,,,,,,,Opfer von vorsätzlicher Tötung,1.06
2012,Je 100 000 Einwohner/-innen,18 bis unter 21 Jahre,,,,,,,Opfer von vorsätzlicher Tötung,0.89
2013,Je 100 000 Einwohner/-innen,18 bis unter 21 Jahre,,,,|,,,Opfer von vorsätzlicher Tötung,0.61
2014,Je 100 000 Einwohner/-innen,18 bis unter 21 Jahre,,,,,,,Opfer von vorsätzlicher Tötung,0.82
2015,Je 100 000 Einwohner/-innen,18 bis unter 21 Jahre,,,,,,,Opfer von vorsätzlicher Tötung,0.73
2016,Je 100 000 Einwohner/-innen,18 bis unter 21 Jahre,,,,,,,Opfer von vorsätzlicher Tötung,1.65
2017,Je 100 000 Einwohner/-innen,18 bis unter 21 Jahre,,,,,,,Opfer von vorsätzlicher Tötung,0.6
2018,Je 100 000 Einwohner/-innen,18 bis unter 21 Jahre,,,,,,,Opfer von vorsätzlicher Tötung,0.99
2019,Je 100 000 Einwohner/-innen,18 bis unter 21 Jahre,,,,,,,Opfer von vorsätzlicher Tötung,0.62
2020,Je 100 000 Einwohner/-innen,18 bis unter 21 Jahre,,,,,,,Opfer von vorsätzlicher Tötung,0.83
2021,Je 100 000 Einwohner/-innen,18 bis unter 21 Jahre,,,,,,,Opfer von vorsätzlicher Tötung,0.77
2022,Je 100 000 Einwohner/-innen,18 bis unter 21 Jahre,,,,,,,Opfer von vorsätzlicher Tötung,0.96
2023,Je 100 000 Einwohner/-innen,18 bis unter 21 Jahre,,,,,,,Opfer von vorsätzlicher Tötung,0.74
2024,Je 100 000 Einwohner/-innen,18 bis unter 21 Jahre,,,,|,,,Opfer von vorsätzlicher Tötung,1.11
2025,Je 100 000 Einwohner/-innen,18 bis unter 21 Jahre,,,,,,,Opfer von vorsätzlicher Tötung,1.39
2010,Je 100 000 Einwohner/-innen,21 bis unter 60 Jahre,,,,,,,Opfer von vorsätzlicher Tötung,1.01
2011,Je 100 000 Einwohner/-innen,21 bis unter 60 Jahre,,,,,,,Opfer von vorsätzlicher Tötung,0.96
2012,Je 100 000 Einwohner/-innen,21 bis unter 60 Jahre,,,,,,,Opfer von vorsätzlicher Tötung,0.81
2013,Je 100 000 Einwohner/-innen,21 bis unter 60 Jahre,,,,|,,,Opfer von vorsätzlicher Tötung,0.87
2014,Je 100 000 Einwohner/-innen,21 bis unter 60 Jahre,,,,,,,Opfer von vorsätzlicher Tötung,0.93
2015,Je 100 000 Einwohner/-innen,21 bis unter 60 Jahre,,,,,,,Opfer von vorsätzlicher Tötung,0.75
2016,Je 100 000 Einwohner/-innen,21 bis unter 60 Jahre,,,,,,,Opfer von vorsätzlicher Tötung,1.2
2017,Je 100 000 Einwohner/-innen,21 bis unter 60 Jahre,,,,,,,Opfer von vorsätzlicher Tötung,0.95
2018,Je 100 000 Einwohner/-innen,21 bis unter 60 Jahre,,,,,,,Opfer von vorsätzlicher Tötung,1.02
2019,Je 100 000 Einwohner/-innen,21 bis unter 60 Jahre,,,,,,,Opfer von vorsätzlicher Tötung,0.8
2020,Je 100 000 Einwohner/-innen,21 bis unter 60 Jahre,,,,,,,Opfer von vorsätzlicher Tötung,0.87
2021,Je 100 000 Einwohner/-innen,21 bis unter 60 Jahre,,,,,,,Opfer von vorsätzlicher Tötung,0.78
2022,Je 100 000 Einwohner/-innen,21 bis unter 60 Jahre,,,,,,,Opfer von vorsätzlicher Tötung,0.79
2023,Je 100 000 Einwohner/-innen,21 bis unter 60 Jahre,,,,,,,Opfer von vorsätzlicher Tötung,1.0
2024,Je 100 000 Einwohner/-innen,21 bis unter 60 Jahre,,,,|,,,Opfer von vorsätzlicher Tötung,0.98
2025,Je 100 000 Einwohner/-innen,21 bis unter 60 Jahre,,,,,,,Opfer von vorsätzlicher Tötung,1.39
2010,Je 100 000 Einwohner/-innen,60 Jahre und älter,,,,,,,Opfer von vorsätzlicher Tötung,0.98
2011,Je 100 000 Einwohner/-innen,60 Jahre und älter,,,,,,,Opfer von vorsätzlicher Tötung,0.86
2012,Je 100 000 Einwohner/-innen,60 Jahre und älter,,,,,,,Opfer von vorsätzlicher Tötung,0.83
2013,Je 100 000 Einwohner/-innen,60 Jahre und älter,,,,|,,,Opfer von vorsätzlicher Tötung,0.98
2014,Je 100 000 Einwohner/-innen,60 Jahre und älter,,,,,,,Opfer von vorsätzlicher Tötung,0.97
2015,Je 100 000 Einwohner/-innen,60 Jahre und älter,,,,,,,Opfer von vorsätzlicher Tötung,1.1
2016,Je 100 000 Einwohner/-innen,60 Jahre und älter,,,,,,,Opfer von vorsätzlicher Tötung,1.29
2017,Je 100 000 Einwohner/-innen,60 Jahre und älter,,,,,,,Opfer von vorsätzlicher Tötung,1.37
2018,Je 100 000 Einwohner/-innen,60 Jahre und älter,,,,,,,Opfer von vorsätzlicher Tötung,1.01
2019,Je 100 000 Einwohner/-innen,60 Jahre und älter,,,,,,,Opfer von vorsätzlicher Tötung,0.86
2020,Je 100 000 Einwohner/-innen,60 Jahre und älter,,,,,,,Opfer von vorsätzlicher Tötung,1.23
2021,Je 100 000 Einwohner/-innen,60 Jahre und älter,,,,,,,Opfer von vorsätzlicher Tötung,1.01
2022,Je 100 000 Einwohner/-innen,60 Jahre und älter,,,,,,,Opfer von vorsätzlicher Tötung,1.08
2023,Je 100 000 Einwohner/-innen,60 Jahre und älter,,,,,,,Opfer von vorsätzlicher Tötung,0.94
2024,Je 100 000 Einwohner/-innen,60 Jahre und älter,,,,|,,,Opfer von vorsätzlicher Tötung,1.07
2025,Je 100 000 Einwohner/-innen,60 Jahre und älter,,,,,,,Opfer von vorsätzlicher Tötung,1.46
2010,Je 100 000 Einwohner/-innen,,Weiblich,,,,,,Opfer von vorsätzlicher Tötung,0.94
2011,Je 100 000 Einwohner/-innen,,Weiblich,,,,,,Opfer von vorsätzlicher Tötung,0.81
2012,Je 100 000 Einwohner/-innen,,Weiblich,,,,,,Opfer von vorsätzlicher Tötung,0.71
2013,Je 100 000 Einwohner/-innen,,Weiblich,,,|,,,Opfer von vorsätzlicher Tötung,0.8
2014,Je 100 000 Einwohner/-innen,,Weiblich,,,,,,Opfer von vorsätzlicher Tötung,0.82
2015,Je 100 000 Einwohner/-innen,,Weiblich,,,,,,Opfer von vorsätzlicher Tötung,0.79
2016,Je 100 000 Einwohner/-innen,,Weiblich,,,,,,Opfer von vorsätzlicher Tötung,1.13
2017,Je 100 000 Einwohner/-innen,,Weiblich,,,,,,Opfer von vorsätzlicher Tötung,0.91
2018,Je 100 000 Einwohner/-innen,,Weiblich,,,,,,Opfer von vorsätzlicher Tötung,0.87
2019,Je 100 000 Einwohner/-innen,,Weiblich,,,,,,Opfer von vorsätzlicher Tötung,0.66
2020,Je 100 000 Einwohner/-innen,,Weiblich,,,,,,Opfer von vorsätzlicher Tötung,0.85
2021,Je 100 000 Einwohner/-innen,,Weiblich,,,,,,Opfer von vorsätzlicher Tötung,0.8
2022,Je 100 000 Einwohner/-innen,,Weiblich,,,,,,Opfer von vorsätzlicher Tötung,0.83
2023,Je 100 000 Einwohner/-innen,,Weiblich,,,,,,Opfer von vorsätzlicher Tötung,0.87
2024,Je 100 000 Einwohner/-innen,,Weiblich,,,|,,,Opfer von vorsätzlicher Tötung,0.8
2025,Je 100 000 Einwohner/-innen,,Weiblich,,,,,,Opfer von vorsätzlicher Tötung,1.3
2010,Je 100 000 Einwohner/-innen,,Männlich,,,,,,Opfer von vorsätzlicher Tötung,1.0
2011,Je 100 000 Einwohner/-innen,,Männlich,,,,,,Opfer von vorsätzlicher Tötung,1.0
2012,Je 100 000 Einwohner/-innen,,Männlich,,,,,,Opfer von vorsätzlicher Tötung,0.9
2013,Je 100 000 Einwohner/-innen,,Männlich,,,|,,,Opfer von vorsätzlicher Tötung,0.9
2014,Je 100 000 Einwohner/-innen,,Männlich,,,,,,Opfer von vorsätzlicher Tötung,0.95
2015,Je 100 000 Einwohner/-innen,,Männlich,,,,,,Opfer von vorsätzlicher Tötung,0.86
2016,Je 100 000 Einwohner/-innen,,Männlich,,,,,,Opfer von vorsätzlicher Tötung,1.22
2017,Je 100 000 Einwohner/-innen,,Männlich,,,,,,Opfer von vorsätzlicher Tötung,1.06
2018,Je 100 000 Einwohner/-innen,,Männlich,,,,,,Opfer von vorsätzlicher Tötung,1.03
2019,Je 100 000 Einwohner/-innen,,Männlich,,,,,,Opfer von vorsätzlicher Tötung,0.85
2020,Je 100 000 Einwohner/-innen,,Männlich,,,,,,Opfer von vorsätzlicher Tötung,1.04
2021,Je 100 000 Einwohner/-innen,,Männlich,,,,,,Opfer von vorsätzlicher Tötung,0.87
2022,Je 100 000 Einwohner/-innen,,Männlich,,,,,,Opfer von vorsätzlicher Tötung,0.82
2023,Je 100 000 Einwohner/-innen,,Männlich,,,,,,Opfer von vorsätzlicher Tötung,0.95
2024,Je 100 000 Einwohner/-innen,,Männlich,,,|,,,Opfer von vorsätzlicher Tötung,1.07
2025,Je 100 000 Einwohner/-innen,,Männlich,,,,,,Opfer von vorsätzlicher Tötung,1.36
2010,Je 100 000 Einwohner/-innen,13 Jahre und jünger,Weiblich,,,,,,Opfer von vorsätzlicher Tötung,0.74
2011,Je 100 000 Einwohner/-innen,13 Jahre und jünger,Weiblich,,,,,,Opfer von vorsätzlicher Tötung,0.49
2012,Je 100 000 Einwohner/-innen,13 Jahre und jünger,Weiblich,,,,,,Opfer von vorsätzlicher Tötung,0.8
2013,Je 100 000 Einwohner/-innen,13 Jahre und jünger,Weiblich,,,|,,,Opfer von vorsätzlicher Tötung,0.77
2014,Je 100 000 Einwohner/-innen,13 Jahre und jünger,Weiblich,,,,,,Opfer von vorsätzlicher Tötung,0.5
2015,Je 100 000 Einwohner/-innen,13 Jahre und jünger,Weiblich,,,,,,Opfer von vorsätzlicher Tötung,0.52
2016,Je 100 000 Einwohner/-innen,13 Jahre und jünger,Weiblich,,,,,,Opfer von vorsätzlicher Tötung,0.61
2017,Je 100 000 Einwohner/-innen,13 Jahre und jünger,Weiblich,,,,,,Opfer von vorsätzlicher Tötung,0.56
2018,Je 100 000 Einwohner/-innen,13 Jahre und jünger,Weiblich,,,,,,Opfer von vorsätzlicher Tötung,0.59
2019,Je 100 000 Einwohner/-innen,13 Jahre und jünger,Weiblich,,,,,,Opfer von vorsätzlicher Tötung,0.33
2020,Je 100 000 Einwohner/-innen,13 Jahre und jünger,Weiblich,,,,,,Opfer von vorsätzlicher Tötung,0.81
2021,Je 100 000 Einwohner/-innen,13 Jahre und jünger,Weiblich,,,,,,Opfer von vorsätzlicher Tötung,0.82
2022,Je 100 000 Einwohner/-innen,13 Jahre und jünger,Weiblich,,,,,,Opfer von vorsätzlicher Tötung,0.51
2023,Je 100 000 Einwohner/-innen,13 Jahre und jünger,Weiblich,,,,,,Opfer von vorsätzlicher Tötung,0.72
2024,Je 100 000 Einwohner/-innen,13 Jahre und jünger,Weiblich,,,|,,,Opfer von vorsätzlicher Tötung,0.38
2025,Je 100 000 Einwohner/-innen,13 Jahre und jünger,Weiblich,,,,,,Opfer von vorsätzlicher Tötung,0.91
2010,Je 100 000 Einwohner/-innen,13 Jahre und jünger,Männlich,,,,,,Opfer von vorsätzlicher Tötung,0.76
2011,Je 100 000 Einwohner/-innen,13 Jahre und jünger,Männlich,,,,,,Opfer von vorsätzlicher Tötung,0.94
2012,Je 100 000 Einwohner/-innen,13 Jahre und jünger,Männlich,,,,,,Opfer von vorsätzlicher Tötung,0.99
2013,Je 100 000 Einwohner/-innen,13 Jahre und jünger,Männlich,,,|,,,Opfer von vorsätzlicher Tötung,0.57
2014,Je 100 000 Einwohner/-innen,13 Jahre und jünger,Männlich,,,,,,Opfer von vorsätzlicher Tötung,0.77
2015,Je 100 000 Einwohner/-innen,13 Jahre und jünger,Männlich,,,,,,Opfer von vorsätzlicher Tötung,0.73
2016,Je 100 000 Einwohner/-innen,13 Jahre und jünger,Männlich,,,,,,Opfer von vorsätzlicher Tötung,0.73
2017,Je 100 000 Einwohner/-innen,13 Jahre und jünger,Männlich,,,,,,Opfer von vorsätzlicher Tötung,0.74
2018,Je 100 000 Einwohner/-innen,13 Jahre und jünger,Männlich,,,,,,Opfer von vorsätzlicher Tötung,0.75
2019,Je 100 000 Einwohner/-innen,13 Jahre und jünger,Männlich,,,,,,Opfer von vorsätzlicher Tötung,0.53
2020,Je 100 000 Einwohner/-innen,13 Jahre und jünger,Männlich,,,,,,Opfer von vorsätzlicher Tötung,0.68
2021,Je 100 000 Einwohner/-innen,13 Jahre und jünger,Männlich,,,,,,Opfer von vorsätzlicher Tötung,0.72
2022,Je 100 000 Einwohner/-innen,13 Jahre und jünger,Männlich,,,,,,Opfer von vorsätzlicher Tötung,0.43
2023,Je 100 000 Einwohner/-innen,13 Jahre und jünger,Männlich,,,,,,Opfer von vorsätzlicher Tötung,0.58
2024,Je 100 000 Einwohner/-innen,13 Jahre und jünger,Männlich,,,|,,,Opfer von vorsätzlicher Tötung,0.65
2025,Je 100 000 Einwohner/-innen,13 Jahre und jünger,Männlich,,,,,,Opfer von vorsätzlicher Tötung,0.79
2010,Je 100 000 Einwohner/-innen,14 bis unter 18 Jahre,Weiblich,,,,,,Opfer von vorsätzlicher Tötung,0.89
2011,Je 100 000 Einwohner/-innen,14 bis unter 18 Jahre,Weiblich,,,,,,Opfer von vorsätzlicher Tötung,0.77
2012,Je 100 000 Einwohner/-innen,14 bis unter 18 Jahre,Weiblich,,,‒,,,Opfer von vorsätzlicher Tötung,0.0
2013,Je 100 000 Einwohner/-innen,14 bis unter 18 Jahre,Weiblich,,,|,,,Opfer von vorsätzlicher Tötung,0.26
2014,Je 100 000 Einwohner/-innen,14 bis unter 18 Jahre,Weiblich,,,,,,Opfer von vorsätzlicher Tötung,0.32
2015,Je 100 000 Einwohner/-innen,14 bis unter 18 Jahre,Weiblich,,,,,,Opfer von vorsätzlicher Tötung,0.58
2016,Je 100 000 Einwohner/-innen,14 bis unter 18 Jahre,Weiblich,,,,,,Opfer von vorsätzlicher Tötung,1.43
2017,Je 100 000 Einwohner/-innen,14 bis unter 18 Jahre,Weiblich,,,,,,Opfer von vorsätzlicher Tötung,0.07
2018,Je 100 000 Einwohner/-innen,14 bis unter 18 Jahre,Weiblich,,,,,,Opfer von vorsätzlicher Tötung,0.53
2019,Je 100 000 Einwohner/-innen,14 bis unter 18 Jahre,Weiblich,,,,,,Opfer von vorsätzlicher Tötung,0.27
2020,Je 100 000 Einwohner/-innen,14 bis unter 18 Jahre,Weiblich,,,,,,Opfer von vorsätzlicher Tötung,0.27
2021,Je 100 000 Einwohner/-innen,14 bis unter 18 Jahre,Weiblich,,,,,,Opfer von vorsätzlicher Tötung,0.48
2022,Je 100 000 Einwohner/-innen,14 bis unter 18 Jahre,Weiblich,,,,,,Opfer von vorsätzlicher Tötung,0.82
2023,Je 100 000 Einwohner/-innen,14 bis unter 18 Jahre,Weiblich,,,,,,Opfer von vorsätzlicher Tötung,0.53
2024,Je 100 000 Einwohner/-innen,14 bis unter 18 Jahre,Weiblich,,,|,,,Opfer von vorsätzlicher Tötung,0.47
2025,Je 100 000 Einwohner/-innen,14 bis unter 18 Jahre,Weiblich,,,,,,Opfer von vorsätzlicher Tötung,1.06
2010,Je 100 000 Einwohner/-innen,14 bis unter 18 Jahre,Männlich,,,,,,Opfer von vorsätzlicher Tötung,0.48
2011,Je 100 000 Einwohner/-innen,14 bis unter 18 Jahre,Männlich,,,,,,Opfer von vorsätzlicher Tötung,0.91
2012,Je 100 000 Einwohner/-innen,14 bis unter 18 Jahre,Männlich,,,,,,Opfer von vorsätzlicher Tötung,0.28
2013,Je 100 000 Einwohner/-innen,14 bis unter 18 Jahre,Männlich,,,|,,,Opfer von vorsätzlicher Tötung,0.49
2014,Je 100 000 Einwohner/-innen,14 bis unter 18 Jahre,Männlich,,,,,,Opfer von vorsätzlicher Tötung,0.61
2015,Je 100 000 Einwohner/-innen,14 bis unter 18 Jahre,Männlich,,,,,,Opfer von vorsätzlicher Tötung,0.3
2016,Je 100 000 Einwohner/-innen,14 bis unter 18 Jahre,Männlich,,,,,,Opfer von vorsätzlicher Tötung,0.78
2017,Je 100 000 Einwohner/-innen,14 bis unter 18 Jahre,Männlich,,,,,,Opfer von vorsätzlicher Tötung,0.18
2018,Je 100 000 Einwohner/-innen,14 bis unter 18 Jahre,Männlich,,,,,,Opfer von vorsätzlicher Tötung,0.37
2019,Je 100 000 Einwohner/-innen,14 bis unter 18 Jahre,Männlich,,,,,,Opfer von vorsätzlicher Tötung,0.44
2020,Je 100 000 Einwohner/-innen,14 bis unter 18 Jahre,Männlich,,,,,,Opfer von vorsätzlicher Tötung,0.51
2021,Je 100 000 Einwohner/-innen,14 bis unter 18 Jahre,Männlich,,,,,,Opfer von vorsätzlicher Tötung,0.45
2022,Je 100 000 Einwohner/-innen,14 bis unter 18 Jahre,Männlich,,,,,,Opfer von vorsätzlicher Tötung,0.13
2023,Je 100 000 Einwohner/-innen,14 bis unter 18 Jahre,Männlich,,,,,,Opfer von vorsätzlicher Tötung,0.56
2024,Je 100 000 Einwohner/-innen,14 bis unter 18 Jahre,Männlich,,,|,,,Opfer von vorsätzlicher Tötung,0.5
2025,Je 100 000 Einwohner/-innen,14 bis unter 18 Jahre,Männlich,,,,,,Opfer von vorsätzlicher Tötung,1.23
2010,Je 100 000 Einwohner/-innen,18 bis unter 21 Jahre,Weiblich,,,,,,Opfer von vorsätzlicher Tötung,1.37
2011,Je 100 000 Einwohner/-innen,18 bis unter 21 Jahre,Weiblich,,,,,,Opfer von vorsätzlicher Tötung,0.75
2012,Je 100 000 Einwohner/-innen,18 bis unter 21 Jahre,Weiblich,,,,,,Opfer von vorsätzlicher Tötung,0.79
2013,Je 100 000 Einwohner/-innen,18 bis unter 21 Jahre,Weiblich,,,|,,,Opfer von vorsätzlicher Tötung,0.5
2014,Je 100 000 Einwohner/-innen,18 bis unter 21 Jahre,Weiblich,,,,,,Opfer von vorsätzlicher Tötung,0.76
2015,Je 100 000 Einwohner/-innen,18 bis unter 21 Jahre,Weiblich,,,,,,Opfer von vorsätzlicher Tötung,0.75
2016,Je 100 000 Einwohner/-innen,18 bis unter 21 Jahre,Weiblich,,,,,,Opfer von vorsätzlicher Tötung,1.45
2017,Je 100 000 Einwohner/-innen,18 bis unter 21 Jahre,Weiblich,,,,,,Opfer von vorsätzlicher Tötung,0.56
2018,Je 100 000 Einwohner/-innen,18 bis unter 21 Jahre,Weiblich,,,,,,Opfer von vorsätzlicher Tötung,0.96
2019,Je 100 000 Einwohner/-innen,18 bis unter 21 Jahre,Weiblich,,,,,,Opfer von vorsätzlicher Tötung,0.41
2020,Je 100 000 Einwohner/-innen,18 bis unter 21 Jahre,Weiblich,,,,,,Opfer von vorsätzlicher Tötung,0.5
2021,Je 100 000 Einwohner/-innen,18 bis unter 21 Jahre,Weiblich,,,,,,Opfer von vorsätzlicher Tötung,0.34
2022,Je 100 000 Einwohner/-innen,18 bis unter 21 Jahre,Weiblich,,,,,,Opfer von vorsätzlicher Tötung,0.69
2023,Je 100 000 Einwohner/-innen,18 bis unter 21 Jahre,Weiblich,,,,,,Opfer von vorsätzlicher Tötung,0.76
2024,Je 100 000 Einwohner/-innen,18 bis unter 21 Jahre,Weiblich,,,|,,,Opfer von vorsätzlicher Tötung,1.12
2025,Je 100 000 Einwohner/-innen,18 bis unter 21 Jahre,Weiblich,,,,,,Opfer von vorsätzlicher Tötung,1.54
2010,Je 100 000 Einwohner/-innen,18 bis unter 21 Jahre,Männlich,,,,,,Opfer von vorsätzlicher Tötung,1.31
2011,Je 100 000 Einwohner/-innen,18 bis unter 21 Jahre,Männlich,,,,,,Opfer von vorsätzlicher Tötung,1.36
2012,Je 100 000 Einwohner/-innen,18 bis unter 21 Jahre,Männlich,,,,,,Opfer von vorsätzlicher Tötung,0.98
2013,Je 100 000 Einwohner/-innen,18 bis unter 21 Jahre,Männlich,,,|,,,Opfer von vorsätzlicher Tötung,0.71
2014,Je 100 000 Einwohner/-innen,18 bis unter 21 Jahre,Männlich,,,,,,Opfer von vorsätzlicher Tötung,0.88
2015,Je 100 000 Einwohner/-innen,18 bis unter 21 Jahre,Männlich,,,,,,Opfer von vorsätzlicher Tötung,0.7
2016,Je 100 000 Einwohner/-innen,18 bis unter 21 Jahre,Männlich,,,,,,Opfer von vorsätzlicher Tötung,1.82
2017,Je 100 000 Einwohner/-innen,18 bis unter 21 Jahre,Männlich,,,,,,Opfer von vorsätzlicher Tötung,0.65
2018,Je 100 000 Einwohner/-innen,18 bis unter 21 Jahre,Männlich,,,,,,Opfer von vorsätzlicher Tötung,1.01
2019,Je 100 000 Einwohner/-innen,18 bis unter 21 Jahre,Männlich,,,,,,Opfer von vorsätzlicher Tötung,0.81
2020,Je 100 000 Einwohner/-innen,18 bis unter 21 Jahre,Männlich,,,,,,Opfer von vorsätzlicher Tötung,1.13
2021,Je 100 000 Einwohner/-innen,18 bis unter 21 Jahre,Männlich,,,,,,Opfer von vorsätzlicher Tötung,1.18
2022,Je 100 000 Einwohner/-innen,18 bis unter 21 Jahre,Männlich,,,,,,Opfer von vorsätzlicher Tötung,1.21
2023,Je 100 000 Einwohner/-innen,18 bis unter 21 Jahre,Männlich,,,,,,Opfer von vorsätzlicher Tötung,0.71
2024,Je 100 000 Einwohner/-innen,18 bis unter 21 Jahre,Männlich,,,|,,,Opfer von vorsätzlicher Tötung,1.11
2025,Je 100 000 Einwohner/-innen,18 bis unter 21 Jahre,Männlich,,,,,,Opfer von vorsätzlicher Tötung,1.25
2010,Je 100 000 Einwohner/-innen,21 bis unter 60 Jahre,Weiblich,,,,,,Opfer von vorsätzlicher Tötung,0.92
2011,Je 100 000 Einwohner/-innen,21 bis unter 60 Jahre,Weiblich,,,,,,Opfer von vorsätzlicher Tötung,0.83
2012,Je 100 000 Einwohner/-innen,21 bis unter 60 Jahre,Weiblich,,,,,,Opfer von vorsätzlicher Tötung,0.64
2013,Je 100 000 Einwohner/-innen,21 bis unter 60 Jahre,Weiblich,,,|,,,Opfer von vorsätzlicher Tötung,0.74
2014,Je 100 000 Einwohner/-innen,21 bis unter 60 Jahre,Weiblich,,,,,,Opfer von vorsätzlicher Tötung,0.84
2015,Je 100 000 Einwohner/-innen,21 bis unter 60 Jahre,Weiblich,,,,,,Opfer von vorsätzlicher Tötung,0.62
2016,Je 100 000 Einwohner/-innen,21 bis unter 60 Jahre,Weiblich,,,,,,Opfer von vorsätzlicher Tötung,1.1
2017,Je 100 000 Einwohner/-innen,21 bis unter 60 Jahre,Weiblich,,,,,,Opfer von vorsätzlicher Tötung,0.82
2018,Je 100 000 Einwohner/-innen,21 bis unter 60 Jahre,Weiblich,,,,,,Opfer von vorsätzlicher Tötung,0.86
2019,Je 100 000 Einwohner/-innen,21 bis unter 60 Jahre,Weiblich,,,,,,Opfer von vorsätzlicher Tötung,0.67
2020,Je 100 000 Einwohner/-innen,21 bis unter 60 Jahre,Weiblich,,,,,,Opfer von vorsätzlicher Tötung,0.67
2021,Je 100 000 Einwohner/-innen,21 bis unter 60 Jahre,Weiblich,,,,,,Opfer von vorsätzlicher Tötung,0.66
2022,Je 100 000 Einwohner/-innen,21 bis unter 60 Jahre,Weiblich,,,,,,Opfer von vorsätzlicher Tötung,0.65
2023,Je 100 000 Einwohner/-innen,21 bis unter 60 Jahre,Weiblich,,,,,,Opfer von vorsätzlicher Tötung,0.87
2024,Je 100 000 Einwohner/-innen,21 bis unter 60 Jahre,Weiblich,,,|,,,Opfer von vorsätzlicher Tötung,0.73
2025,Je 100 000 Einwohner/-innen,21 bis unter 60 Jahre,Weiblich,,,,,,Opfer von vorsätzlicher Tötung,1.33
2010,Je 100 000 Einwohner/-innen,21 bis unter 60 Jahre,Männlich,,,,,,Opfer von vorsätzlicher Tötung,1.1
2011,Je 100 000 Einwohner/-innen,21 bis unter 60 Jahre,Männlich,,,,,,Opfer von vorsätzlicher Tötung,1.09
2012,Je 100 000 Einwohner/-innen,21 bis unter 60 Jahre,Männlich,,,,,,Opfer von vorsätzlicher Tötung,0.98
2013,Je 100 000 Einwohner/-innen,21 bis unter 60 Jahre,Männlich,,,|,,,Opfer von vorsätzlicher Tötung,1.0
2014,Je 100 000 Einwohner/-innen,21 bis unter 60 Jahre,Männlich,,,,,,Opfer von vorsätzlicher Tötung,1.03
2015,Je 100 000 Einwohner/-innen,21 bis unter 60 Jahre,Männlich,,,,,,Opfer von vorsätzlicher Tötung,0.87
2016,Je 100 000 Einwohner/-innen,21 bis unter 60 Jahre,Männlich,,,,,,Opfer von vorsätzlicher Tötung,1.31
2017,Je 100 000 Einwohner/-innen,21 bis unter 60 Jahre,Männlich,,,,,,Opfer von vorsätzlicher Tötung,1.07
2018,Je 100 000 Einwohner/-innen,21 bis unter 60 Jahre,Männlich,,,,,,Opfer von vorsätzlicher Tötung,1.18
2019,Je 100 000 Einwohner/-innen,21 bis unter 60 Jahre,Männlich,,,,,,Opfer von vorsätzlicher Tötung,0.93
2020,Je 100 000 Einwohner/-innen,21 bis unter 60 Jahre,Männlich,,,,,,Opfer von vorsätzlicher Tötung,1.07
2021,Je 100 000 Einwohner/-innen,21 bis unter 60 Jahre,Männlich,,,,,,Opfer von vorsätzlicher Tötung,0.9
2022,Je 100 000 Einwohner/-innen,21 bis unter 60 Jahre,Männlich,,,,,,Opfer von vorsätzlicher Tötung,0.92
2023,Je 100 000 Einwohner/-innen,21 bis unter 60 Jahre,Männlich,,,,,,Opfer von vorsätzlicher Tötung,1.13
2024,Je 100 000 Einwohner/-innen,21 bis unter 60 Jahre,Männlich,,,|,,,Opfer von vorsätzlicher Tötung,1.23
2025,Je 100 000 Einwohner/-innen,21 bis unter 60 Jahre,Männlich,,,,,,Opfer von vorsätzlicher Tötung,1.44
2010,Je 100 000 Einwohner/-innen,60 Jahre und älter,Weiblich,,,,,,Opfer von vorsätzlicher Tötung,1.02
2011,Je 100 000 Einwohner/-innen,60 Jahre und älter,Weiblich,,,,,,Opfer von vorsätzlicher Tötung,0.93
2012,Je 100 000 Einwohner/-innen,60 Jahre und älter,Weiblich,,,,,,Opfer von vorsätzlicher Tötung,0.89
2013,Je 100 000 Einwohner/-innen,60 Jahre und älter,Weiblich,,,|,,,Opfer von vorsätzlicher Tötung,1.01
2014,Je 100 000 Einwohner/-innen,60 Jahre und älter,Weiblich,,,,,,Opfer von vorsätzlicher Tötung,0.99
2015,Je 100 000 Einwohner/-innen,60 Jahre und älter,Weiblich,,,,,,Opfer von vorsätzlicher Tötung,1.16
2016,Je 100 000 Einwohner/-innen,60 Jahre und älter,Weiblich,,,,,,Opfer von vorsätzlicher Tötung,1.31
2017,Je 100 000 Einwohner/-innen,60 Jahre und älter,Weiblich,,,,,,Opfer von vorsätzlicher Tötung,1.33
2018,Je 100 000 Einwohner/-innen,60 Jahre und älter,Weiblich,,,,,,Opfer von vorsätzlicher Tötung,1.04
2019,Je 100 000 Einwohner/-innen,60 Jahre und älter,Weiblich,,,,,,Opfer von vorsätzlicher Tötung,0.82
2020,Je 100 000 Einwohner/-innen,60 Jahre und älter,Weiblich,,,,,,Opfer von vorsätzlicher Tötung,1.24
2021,Je 100 000 Einwohner/-innen,60 Jahre und älter,Weiblich,,,,,,Opfer von vorsätzlicher Tötung,1.08
2022,Je 100 000 Einwohner/-innen,60 Jahre und älter,Weiblich,,,,,,Opfer von vorsätzlicher Tötung,1.24
2023,Je 100 000 Einwohner/-innen,60 Jahre und älter,Weiblich,,,,,,Opfer von vorsätzlicher Tötung,0.99
2024,Je 100 000 Einwohner/-innen,60 Jahre und älter,Weiblich,,,|,,,Opfer von vorsätzlicher Tötung,1.08
2025,Je 100 000 Einwohner/-innen,60 Jahre und älter,Weiblich,,,,,,Opfer von vorsätzlicher Tötung,1.42
2010,Je 100 000 Einwohner/-innen,60 Jahre und älter,Männlich,,,,,,Opfer von vorsätzlicher Tötung,0.93
2011,Je 100 000 Einwohner/-innen,60 Jahre und älter,Männlich,,,,,,Opfer von vorsätzlicher Tötung,0.77
2012,Je 100 000 Einwohner/-innen,60 Jahre und älter,Männlich,,,,,,Opfer von vorsätzlicher Tötung,0.76
2013,Je 100 000 Einwohner/-innen,60 Jahre und älter,Männlich,,,|,,,Opfer von vorsätzlicher Tötung,0.94
2014,Je 100 000 Einwohner/-innen,60 Jahre und älter,Männlich,,,,,,Opfer von vorsätzlicher Tötung,0.95
2015,Je 100 000 Einwohner/-innen,60 Jahre und älter,Männlich,,,,,,Opfer von vorsätzlicher Tötung,1.03
2016,Je 100 000 Einwohner/-innen,60 Jahre und älter,Männlich,,,,,,Opfer von vorsätzlicher Tötung,1.27
2017,Je 100 000 Einwohner/-innen,60 Jahre und älter,Männlich,,,,,,Opfer von vorsätzlicher Tötung,1.41
2018,Je 100 000 Einwohner/-innen,60 Jahre und älter,Männlich,,,,,,Opfer von vorsätzlicher Tötung,0.97
2019,Je 100 000 Einwohner/-innen,60 Jahre und älter,Männlich,,,,,,Opfer von vorsätzlicher Tötung,0.9
2020,Je 100 000 Einwohner/-innen,60 Jahre und älter,Männlich,,,,,,Opfer von vorsätzlicher Tötung,1.21
2021,Je 100 000 Einwohner/-innen,60 Jahre und älter,Männlich,,,,,,Opfer von vorsätzlicher Tötung,0.92
2022,Je 100 000 Einwohner/-innen,60 Jahre und älter,Männlich,,,,,,Opfer von vorsätzlicher Tötung,0.89
2023,Je 100 000 Einwohner/-innen,60 Jahre und älter,Männlich,,,,,,Opfer von vorsätzlicher Tötung,0.88
2024,Je 100 000 Einwohner/-innen,60 Jahre und älter,Männlich,,,|,,,Opfer von vorsätzlicher Tötung,1.06
2025,Je 100 000 Einwohner/-innen,60 Jahre und älter,Männlich,,,,,,Opfer von vorsätzlicher Tötung,1.5
2010,Anzahl,,,,,,,,Opfer von vorsätzlicher Tötung,793.0
2011,Anzahl,,,,,,,,Opfer von vorsätzlicher Tötung,738.0
2012,Anzahl,,,,,,,,Opfer von vorsätzlicher Tötung,659.0
2013,Anzahl,,,,,,,,Opfer von vorsätzlicher Tötung,682.0
2014,Anzahl,,,,,,,,Opfer von vorsätzlicher Tötung,716.0
2015,Anzahl,,,,,,,,Opfer von vorsätzlicher Tötung,682.0
2016,Anzahl,,,,,,,,Opfer von vorsätzlicher Tötung,963.0
2017,Anzahl,,,,,,,,Opfer von vorsätzlicher Tötung,813.0
2018,Anzahl,,,,,,,,Opfer von vorsätzlicher Tötung,788.0
2019,Anzahl,,,,,,,,Opfer von vorsätzlicher Tötung,623.0
2020,Anzahl,,,,,,,,Opfer von vorsätzlicher Tötung,782.0
2021,Anzahl,,,,,,,,Opfer von vorsätzlicher Tötung,695.0
2022,Anzahl,,,,,,,,Opfer von vorsätzlicher Tötung,686.0
2023,Anzahl,,,,,,,,Opfer von vorsätzlicher Tötung,770.0
2024,Anzahl,,,,,,,,Opfer von vorsätzlicher Tötung,779.0
2025,Anzahl,,,,,,,,Opfer von vorsätzlicher Tötung,1112.0
2010,Anzahl,13 Jahre und jünger,,,,,,,Opfer von vorsätzlicher Tötung,77.0
2011,Anzahl,13 Jahre und jünger,,,,,,,Opfer von vorsätzlicher Tötung,73.0
2012,Anzahl,13 Jahre und jünger,,,,,,,Opfer von vorsätzlicher Tötung,90.0
2013,Anzahl,13 Jahre und jünger,,,,,,,Opfer von vorsätzlicher Tötung,66.0
2014,Anzahl,13 Jahre und jünger,,,,,,,Opfer von vorsätzlicher Tötung,63.0
2015,Anzahl,13 Jahre und jünger,,,,,,,Opfer von vorsätzlicher Tötung,62.0
2016,Anzahl,13 Jahre und jünger,,,,,,,Opfer von vorsätzlicher Tötung,68.0
2017,Anzahl,13 Jahre und jünger,,,,,,,Opfer von vorsätzlicher Tötung,67.0
2018,Anzahl,13 Jahre und jünger,,,,,,,Opfer von vorsätzlicher Tötung,70.0
2019,Anzahl,13 Jahre und jünger,,,,,,,Opfer von vorsätzlicher Tötung,46.0
2020,Anzahl,13 Jahre und jünger,,,,,,,Opfer von vorsätzlicher Tötung,79.0
2021,Anzahl,13 Jahre und jünger,,,,,,,Opfer von vorsätzlicher Tötung,83.0
2022,Anzahl,13 Jahre und jünger,,,,,,,Opfer von vorsätzlicher Tötung,51.0
2023,Anzahl,13 Jahre und jünger,,,,,,,Opfer von vorsätzlicher Tötung,72.0
2024,Anzahl,13 Jahre und jünger,,,,,,,Opfer von vorsätzlicher Tötung,56.0
2025,Anzahl,13 Jahre und jünger,,,,,,,Opfer von vorsätzlicher Tötung,92.0
2010,Anzahl,14 bis unter 18 Jahre,,,,,,,Opfer von vorsätzlicher Tötung,22.0
2011,Anzahl,14 bis unter 18 Jahre,,,,,,,Opfer von vorsätzlicher Tötung,27.0
2012,Anzahl,14 bis unter 18 Jahre,,,,,,,Opfer von vorsätzlicher Tötung,6.0
2013,Anzahl,14 bis unter 18 Jahre,,,,,,,Opfer von vorsätzlicher Tötung,12.0
2014,Anzahl,14 bis unter 18 Jahre,,,,,,,Opfer von vorsätzlicher Tötung,15.0
2015,Anzahl,14 bis unter 18 Jahre,,,,,,,Opfer von vorsätzlicher Tötung,14.0
2016,Anzahl,14 bis unter 18 Jahre,,,,,,,Opfer von vorsätzlicher Tötung,35.0
2017,Anzahl,14 bis unter 18 Jahre,,,,,,,Opfer von vorsätzlicher Tötung,4.0
2018,Anzahl,14 bis unter 18 Jahre,,,,,,,Opfer von vorsätzlicher Tötung,14.0
2019,Anzahl,14 bis unter 18 Jahre,,,,,,,Opfer von vorsätzlicher Tötung,11.0
2020,Anzahl,14 bis unter 18 Jahre,,,,,,,Opfer von vorsätzlicher Tötung,12.0
2021,Anzahl,14 bis unter 18 Jahre,,,,,,,Opfer von vorsätzlicher Tötung,14.0
2022,Anzahl,14 bis unter 18 Jahre,,,,,,,Opfer von vorsätzlicher Tötung,14.0
2023,Anzahl,14 bis unter 18 Jahre,,,,,,,Opfer von vorsätzlicher Tötung,17.0
2024,Anzahl,14 bis unter 18 Jahre,,,,,,,Opfer von vorsätzlicher Tötung,15.0
2025,Anzahl,14 bis unter 18 Jahre,,,,,,,Opfer von vorsätzlicher Tötung,36.0
2010,Anzahl,18 bis unter 21 Jahre,,,,,,,Opfer von vorsätzlicher Tötung,38.0
2011,Anzahl,18 bis unter 21 Jahre,,,,,,,Opfer von vorsätzlicher Tötung,29.0
2012,Anzahl,18 bis unter 21 Jahre,,,,,,,Opfer von vorsätzlicher Tötung,23.0
2013,Anzahl,18 bis unter 21 Jahre,,,,,,,Opfer von vorsätzlicher Tötung,15.0
2014,Anzahl,18 bis unter 21 Jahre,,,,,,,Opfer von vorsätzlicher Tötung,20.0
2015,Anzahl,18 bis unter 21 Jahre,,,,,,,Opfer von vorsätzlicher Tötung,18.0
2016,Anzahl,18 bis unter 21 Jahre,,,,,,,Opfer von vorsätzlicher Tötung,43.0
2017,Anzahl,18 bis unter 21 Jahre,,,,,,,Opfer von vorsätzlicher Tötung,16.0
2018,Anzahl,18 bis unter 21 Jahre,,,,,,,Opfer von vorsätzlicher Tötung,26.0
2019,Anzahl,18 bis unter 21 Jahre,,,,,,,Opfer von vorsätzlicher Tötung,16.0
2020,Anzahl,18 bis unter 21 Jahre,,,,,,,Opfer von vorsätzlicher Tötung,21.0
2021,Anzahl,18 bis unter 21 Jahre,,,,,,,Opfer von vorsätzlicher Tötung,19.0
2022,Anzahl,18 bis unter 21 Jahre,,,,,,,Opfer von vorsätzlicher Tötung,23.0
2023,Anzahl,18 bis unter 21 Jahre,,,,,,,Opfer von vorsätzlicher Tötung,18.0
2024,Anzahl,18 bis unter 21 Jahre,,,,,,,Opfer von vorsätzlicher Tötung,27.0
2025,Anzahl,18 bis unter 21 Jahre,,,,,,,Opfer von vorsätzlicher Tötung,34.0
2010,Anzahl,21 bis unter 60 Jahre,,,,,,,Opfer von vorsätzlicher Tötung,448.0
2011,Anzahl,21 bis unter 60 Jahre,,,,,,,Opfer von vorsätzlicher Tötung,424.0
2012,Anzahl,21 bis unter 60 Jahre,,,,,,,Opfer von vorsätzlicher Tötung,359.0
2013,Anzahl,21 bis unter 60 Jahre,,,,,,,Opfer von vorsätzlicher Tötung,377.0
2014,Anzahl,21 bis unter 60 Jahre,,,,,,,Opfer von vorsätzlicher Tötung,405.0
2015,Anzahl,21 bis unter 60 Jahre,,,,,,,Opfer von vorsätzlicher Tötung,343.0
2016,Anzahl,21 bis unter 60 Jahre,,,,,,,Opfer von vorsätzlicher Tötung,527.0
2017,Anzahl,21 bis unter 60 Jahre,,,,,,,Opfer von vorsätzlicher Tötung,414.0
2018,Anzahl,21 bis unter 60 Jahre,,,,,,,Opfer von vorsätzlicher Tötung,445.0
2019,Anzahl,21 bis unter 60 Jahre,,,,,,,Opfer von vorsätzlicher Tötung,349.0
2020,Anzahl,21 bis unter 60 Jahre,,,,,,,Opfer von vorsätzlicher Tötung,378.0
2021,Anzahl,21 bis unter 60 Jahre,,,,,,,Opfer von vorsätzlicher Tötung,336.0
2022,Anzahl,21 bis unter 60 Jahre,,,,,,,Opfer von vorsätzlicher Tötung,334.0
2023,Anzahl,21 bis unter 60 Jahre,,,,,,,Opfer von vorsätzlicher Tötung,430.0
2024,Anzahl,21 bis unter 60 Jahre,,,,,,,Opfer von vorsätzlicher Tötung,412.0
2025,Anzahl,21 bis unter 60 Jahre,,,,,,,Opfer von vorsätzlicher Tötung,579.0
2010,Anzahl,60 Jahre und älter,,,,,,,Opfer von vorsätzlicher Tötung,208.0
2011,Anzahl,60 Jahre und älter,,,,,,,Opfer von vorsätzlicher Tötung,185.0
2012,Anzahl,60 Jahre und älter,,,,,,,Opfer von vorsätzlicher Tötung,181.0
2013,Anzahl,60 Jahre und älter,,,,,,,Opfer von vorsätzlicher Tötung,212.0
2014,Anzahl,60 Jahre und älter,,,,,,,Opfer von vorsätzlicher Tötung,213.0
2015,Anzahl,60 Jahre und älter,,,,,,,Opfer von vorsätzlicher Tötung,245.0
2016,Anzahl,60 Jahre und älter,,,,,,,Opfer von vorsätzlicher Tötung,290.0
2017,Anzahl,60 Jahre und älter,,,,,,,Opfer von vorsätzlicher Tötung,312.0
2018,Anzahl,60 Jahre und älter,,,,,,,Opfer von vorsätzlicher Tötung,233.0
2019,Anzahl,60 Jahre und älter,,,,,,,Opfer von vorsätzlicher Tötung,201.0
2020,Anzahl,60 Jahre und älter,,,,,,,Opfer von vorsätzlicher Tötung,292.0
2021,Anzahl,60 Jahre und älter,,,,,,,Opfer von vorsätzlicher Tötung,243.0
2022,Anzahl,60 Jahre und älter,,,,,,,Opfer von vorsätzlicher Tötung,264.0
2023,Anzahl,60 Jahre und älter,,,,,,,Opfer von vorsätzlicher Tötung,233.0
2024,Anzahl,60 Jahre und älter,,,,,,,Opfer von vorsätzlicher Tötung,269.0
2025,Anzahl,60 Jahre und älter,,,,,,,Opfer von vorsätzlicher Tötung,371.0
2010,Anzahl,,Weiblich,,,,,,Opfer von vorsätzlicher Tötung,393.0
2011,Anzahl,,Weiblich,,,,,,Opfer von vorsätzlicher Tötung,338.0
2012,Anzahl,,Weiblich,,,,,,Opfer von vorsätzlicher Tötung,296.0
2013,Anzahl,,Weiblich,,,,,,Opfer von vorsätzlicher Tötung,328.0
2014,Anzahl,,Weiblich,,,,,,Opfer von vorsätzlicher Tötung,339.0
2015,Anzahl,,Weiblich,,,,,,Opfer von vorsätzlicher Tötung,327.0
2016,Anzahl,,Weiblich,,,,,,Opfer von vorsätzlicher Tötung,469.0
2017,Anzahl,,Weiblich,,,,,,Opfer von vorsätzlicher Tötung,380.0
2018,Anzahl,,Weiblich,,,,,,Opfer von vorsätzlicher Tötung,367.0
2019,Anzahl,,Weiblich,,,,,,Opfer von vorsätzlicher Tötung,276.0
2020,Anzahl,,Weiblich,,,,,,Opfer von vorsätzlicher Tötung,357.0
2021,Anzahl,,Weiblich,,,,,,Opfer von vorsätzlicher Tötung,337.0
2022,Anzahl,,Weiblich,,,,,,Opfer von vorsätzlicher Tötung,349.0
2023,Anzahl,,Weiblich,,,,,,Opfer von vorsätzlicher Tötung,374.0
2024,Anzahl,,Weiblich,,,,,,Opfer von vorsätzlicher Tötung,338.0
2025,Anzahl,,Weiblich,,,,,,Opfer von vorsätzlicher Tötung,552.0
2010,Anzahl,,Männlich,,,,,,Opfer von vorsätzlicher Tötung,400.0
2011,Anzahl,,Männlich,,,,,,Opfer von vorsätzlicher Tötung,400.0
2012,Anzahl,,Männlich,,,,,,Opfer von vorsätzlicher Tötung,363.0
2013,Anzahl,,Männlich,,,,,,Opfer von vorsätzlicher Tötung,354.0
2014,Anzahl,,Männlich,,,,,,Opfer von vorsätzlicher Tötung,377.0
2015,Anzahl,,Männlich,,,,,,Opfer von vorsätzlicher Tötung,355.0
2016,Anzahl,,Männlich,,,,,,Opfer von vorsätzlicher Tötung,494.0
2017,Anzahl,,Männlich,,,,,,Opfer von vorsätzlicher Tötung,433.0
2018,Anzahl,,Männlich,,,,,,Opfer von vorsätzlicher Tötung,421.0
2019,Anzahl,,Männlich,,,,,,Opfer von vorsätzlicher Tötung,347.0
2020,Anzahl,,Männlich,,,,,,Opfer von vorsätzlicher Tötung,425.0
2021,Anzahl,,Männlich,,,,,,Opfer von vorsätzlicher Tötung,358.0
2022,Anzahl,,Männlich,,,,,,Opfer von vorsätzlicher Tötung,337.0
2023,Anzahl,,Männlich,,,,,,Opfer von vorsätzlicher Tötung,396.0
2024,Anzahl,,Männlich,,,,,,Opfer von vorsätzlicher Tötung,441.0
2025,Anzahl,,Männlich,,,,,,Opfer von vorsätzlicher Tötung,560.0
2010,Anzahl,13 Jahre und jünger,Weiblich,,,,,,Opfer von vorsätzlicher Tötung,37.0
2011,Anzahl,13 Jahre und jünger,Weiblich,,,,,,Opfer von vorsätzlicher Tötung,24.0
2012,Anzahl,13 Jahre und jünger,Weiblich,,,,,,Opfer von vorsätzlicher Tötung,39.0
2013,Anzahl,13 Jahre und jünger,Weiblich,,,,,,Opfer von vorsätzlicher Tötung,37.0
2014,Anzahl,13 Jahre und jünger,Weiblich,,,,,,Opfer von vorsätzlicher Tötung,24.0
2015,Anzahl,13 Jahre und jünger,Weiblich,,,,,,Opfer von vorsätzlicher Tötung,25.0
2016,Anzahl,13 Jahre und jünger,Weiblich,,,,,,Opfer von vorsätzlicher Tötung,30.0
2017,Anzahl,13 Jahre und jünger,Weiblich,,,,,,Opfer von vorsätzlicher Tötung,28.0
2018,Anzahl,13 Jahre und jünger,Weiblich,,,,,,Opfer von vorsätzlicher Tötung,30.0
2019,Anzahl,13 Jahre und jünger,Weiblich,,,,,,Opfer von vorsätzlicher Tötung,17.0
2020,Anzahl,13 Jahre und jünger,Weiblich,,,,,,Opfer von vorsätzlicher Tötung,43.0
2021,Anzahl,13 Jahre und jünger,Weiblich,,,,,,Opfer von vorsätzlicher Tötung,43.0
2022,Anzahl,13 Jahre und jünger,Weiblich,,,,,,Opfer von vorsätzlicher Tötung,27.0
2023,Anzahl,13 Jahre und jünger,Weiblich,,,,,,Opfer von vorsätzlicher Tötung,39.0
2024,Anzahl,13 Jahre und jünger,Weiblich,,,,,,Opfer von vorsätzlicher Tötung,20.0
2025,Anzahl,13 Jahre und jünger,Weiblich,,,,,,Opfer von vorsätzlicher Tötung,48.0
2010,Anzahl,13 Jahre und jünger,Männlich,,,,,,Opfer von vorsätzlicher Tötung,40.0
2011,Anzahl,13 Jahre und jünger,Männlich,,,,,,Opfer von vorsätzlicher Tötung,49.0
2012,Anzahl,13 Jahre und jünger,Männlich,,,,,,Opfer von vorsätzlicher Tötung,51.0
2013,Anzahl,13 Jahre und jünger,Männlich,,,,,,Opfer von vorsätzlicher Tötung,29.0
2014,Anzahl,13 Jahre und jünger,Männlich,,,,,,Opfer von vorsätzlicher Tötung,39.0
2015,Anzahl,13 Jahre und jünger,Männlich,,,,,,Opfer von vorsätzlicher Tötung,37.0
2016,Anzahl,13 Jahre und jünger,Männlich,,,,,,Opfer von vorsätzlicher Tötung,38.0
2017,Anzahl,13 Jahre und jünger,Männlich,,,,,,Opfer von vorsätzlicher Tötung,39.0
2018,Anzahl,13 Jahre und jünger,Männlich,,,,,,Opfer von vorsätzlicher Tötung,40.0
2019,Anzahl,13 Jahre und jünger,Männlich,,,,,,Opfer von vorsätzlicher Tötung,29.0
2020,Anzahl,13 Jahre und jünger,Männlich,,,,,,Opfer von vorsätzlicher Tötung,36.0
2021,Anzahl,13 Jahre und jünger,Männlich,,,,,,Opfer von vorsätzlicher Tötung,40.0
2022,Anzahl,13 Jahre und jünger,Männlich,,,,,,Opfer von vorsätzlicher Tötung,24.0
2023,Anzahl,13 Jahre und jünger,Männlich,,,,,,Opfer von vorsätzlicher Tötung,33.0
2024,Anzahl,13 Jahre und jünger,Männlich,,,,,,Opfer von vorsätzlicher Tötung,36.0
2025,Anzahl,13 Jahre und jünger,Männlich,,,,,,Opfer von vorsätzlicher Tötung,44.0
2010,Anzahl,14 bis unter 18 Jahre,Weiblich,,,,,,Opfer von vorsätzlicher Tötung,14.0
2011,Anzahl,14 bis unter 18 Jahre,Weiblich,,,,,,Opfer von vorsätzlicher Tötung,12.0
2012,Anzahl,14 bis unter 18 Jahre,Weiblich,,,‒,,,Opfer von vorsätzlicher Tötung,0.0
2013,Anzahl,14 bis unter 18 Jahre,Weiblich,,,,,,Opfer von vorsätzlicher Tötung,4.0
2014,Anzahl,14 bis unter 18 Jahre,Weiblich,,,,,,Opfer von vorsätzlicher Tötung,5.0
2015,Anzahl,14 bis unter 18 Jahre,Weiblich,,,,,,Opfer von vorsätzlicher Tötung,9.0
2016,Anzahl,14 bis unter 18 Jahre,Weiblich,,,,,,Opfer von vorsätzlicher Tötung,22.0
2017,Anzahl,14 bis unter 18 Jahre,Weiblich,,,,,,Opfer von vorsätzlicher Tötung,1.0
2018,Anzahl,14 bis unter 18 Jahre,Weiblich,,,,,,Opfer von vorsätzlicher Tötung,8.0
2019,Anzahl,14 bis unter 18 Jahre,Weiblich,,,,,,Opfer von vorsätzlicher Tötung,4.0
2020,Anzahl,14 bis unter 18 Jahre,Weiblich,,,,,,Opfer von vorsätzlicher Tötung,4.0
2021,Anzahl,14 bis unter 18 Jahre,Weiblich,,,,,,Opfer von vorsätzlicher Tötung,7.0
2022,Anzahl,14 bis unter 18 Jahre,Weiblich,,,,,,Opfer von vorsätzlicher Tötung,12.0
2023,Anzahl,14 bis unter 18 Jahre,Weiblich,,,,,,Opfer von vorsätzlicher Tötung,8.0
2024,Anzahl,14 bis unter 18 Jahre,Weiblich,,,,,,Opfer von vorsätzlicher Tötung,7.0
2025,Anzahl,14 bis unter 18 Jahre,Weiblich,,,,,,Opfer von vorsätzlicher Tötung,16.0
2010,Anzahl,14 bis unter 18 Jahre,Männlich,,,,,,Opfer von vorsätzlicher Tötung,8.0
2011,Anzahl,14 bis unter 18 Jahre,Männlich,,,,,,Opfer von vorsätzlicher Tötung,15.0
2012,Anzahl,14 bis unter 18 Jahre,Männlich,,,,,,Opfer von vorsätzlicher Tötung,6.0
2013,Anzahl,14 bis unter 18 Jahre,Männlich,,,,,,Opfer von vorsätzlicher Tötung,8.0
2014,Anzahl,14 bis unter 18 Jahre,Männlich,,,,,,Opfer von vorsätzlicher Tötung,10.0
2015,Anzahl,14 bis unter 18 Jahre,Männlich,,,,,,Opfer von vorsätzlicher Tötung,5.0
2016,Anzahl,14 bis unter 18 Jahre,Männlich,,,,,,Opfer von vorsätzlicher Tötung,13.0
2017,Anzahl,14 bis unter 18 Jahre,Männlich,,,,,,Opfer von vorsätzlicher Tötung,3.0
2018,Anzahl,14 bis unter 18 Jahre,Männlich,,,,,,Opfer von vorsätzlicher Tötung,6.0
2019,Anzahl,14 bis unter 18 Jahre,Männlich,,,,,,Opfer von vorsätzlicher Tötung,7.0
2020,Anzahl,14 bis unter 18 Jahre,Männlich,,,,,,Opfer von vorsätzlicher Tötung,8.0
2021,Anzahl,14 bis unter 18 Jahre,Männlich,,,,,,Opfer von vorsätzlicher Tötung,7.0
2022,Anzahl,14 bis unter 18 Jahre,Männlich,,,,,,Opfer von vorsätzlicher Tötung,2.0
2023,Anzahl,14 bis unter 18 Jahre,Männlich,,,,,,Opfer von vorsätzlicher Tötung,9.0
2024,Anzahl,14 bis unter 18 Jahre,Männlich,,,,,,Opfer von vorsätzlicher Tötung,8.0
2025,Anzahl,14 bis unter 18 Jahre,Männlich,,,,,,Opfer von vorsätzlicher Tötung,20.0
2010,Anzahl,18 bis unter 21 Jahre,Weiblich,,,,,,Opfer von vorsätzlicher Tötung,19.0
2011,Anzahl,18 bis unter 21 Jahre,Weiblich,,,,,,Opfer von vorsätzlicher Tötung,10.0
2012,Anzahl,18 bis unter 21 Jahre,Weiblich,,,,,,Opfer von vorsätzlicher Tötung,10.0
2013,Anzahl,18 bis unter 21 Jahre,Weiblich,,,,,,Opfer von vorsätzlicher Tötung,6.0
2014,Anzahl,18 bis unter 21 Jahre,Weiblich,,,,,,Opfer von vorsätzlicher Tötung,9.0
2015,Anzahl,18 bis unter 21 Jahre,Weiblich,,,,,,Opfer von vorsätzlicher Tötung,9.0
2016,Anzahl,18 bis unter 21 Jahre,Weiblich,,,,,,Opfer von vorsätzlicher Tötung,18.0
2017,Anzahl,18 bis unter 21 Jahre,Weiblich,,,,,,Opfer von vorsätzlicher Tötung,7.0
2018,Anzahl,18 bis unter 21 Jahre,Weiblich,,,,,,Opfer von vorsätzlicher Tötung,12.0
2019,Anzahl,18 bis unter 21 Jahre,Weiblich,,,,,,Opfer von vorsätzlicher Tötung,5.0
2020,Anzahl,18 bis unter 21 Jahre,Weiblich,,,,,,Opfer von vorsätzlicher Tötung,6.0
2021,Anzahl,18 bis unter 21 Jahre,Weiblich,,,,,,Opfer von vorsätzlicher Tötung,4.0
2022,Anzahl,18 bis unter 21 Jahre,Weiblich,,,,,,Opfer von vorsätzlicher Tötung,8.0
2023,Anzahl,18 bis unter 21 Jahre,Weiblich,,,,,,Opfer von vorsätzlicher Tötung,9.0
2024,Anzahl,18 bis unter 21 Jahre,Weiblich,,,,,,Opfer von vorsätzlicher Tötung,13.0
2025,Anzahl,18 bis unter 21 Jahre,Weiblich,,,,,,Opfer von vorsätzlicher Tötung,18.0
2010,Anzahl,18 bis unter 21 Jahre,Männlich,,,,,,Opfer von vorsätzlicher Tötung,19.0
2011,Anzahl,18 bis unter 21 Jahre,Männlich,,,,,,Opfer von vorsätzlicher Tötung,19.0
2012,Anzahl,18 bis unter 21 Jahre,Männlich,,,,,,Opfer von vorsätzlicher Tötung,13.0
2013,Anzahl,18 bis unter 21 Jahre,Männlich,,,,,,Opfer von vorsätzlicher Tötung,9.0
2014,Anzahl,18 bis unter 21 Jahre,Männlich,,,,,,Opfer von vorsätzlicher Tötung,11.0
2015,Anzahl,18 bis unter 21 Jahre,Männlich,,,,,,Opfer von vorsätzlicher Tötung,9.0
2016,Anzahl,18 bis unter 21 Jahre,Männlich,,,,,,Opfer von vorsätzlicher Tötung,25.0
2017,Anzahl,18 bis unter 21 Jahre,Männlich,,,,,,Opfer von vorsätzlicher Tötung,9.0
2018,Anzahl,18 bis unter 21 Jahre,Männlich,,,,,,Opfer von vorsätzlicher Tötung,14.0
2019,Anzahl,18 bis unter 21 Jahre,Männlich,,,,,,Opfer von vorsätzlicher Tötung,11.0
2020,Anzahl,18 bis unter 21 Jahre,Männlich,,,,,,Opfer von vorsätzlicher Tötung,15.0
2021,Anzahl,18 bis unter 21 Jahre,Männlich,,,,,,Opfer von vorsätzlicher Tötung,15.0
2022,Anzahl,18 bis unter 21 Jahre,Männlich,,,,,,Opfer von vorsätzlicher Tötung,15.0
2023,Anzahl,18 bis unter 21 Jahre,Männlich,,,,,,Opfer von vorsätzlicher Tötung,9.0
2024,Anzahl,18 bis unter 21 Jahre,Männlich,,,,,,Opfer von vorsätzlicher Tötung,14.0
2025,Anzahl,18 bis unter 21 Jahre,Männlich,,,,,,Opfer von vorsätzlicher Tötung,16.0
2010,Anzahl,21 bis unter 60 Jahre,Weiblich,,,,,,Opfer von vorsätzlicher Tötung,202.0
2011,Anzahl,21 bis unter 60 Jahre,Weiblich,,,,,,Opfer von vorsätzlicher Tötung,180.0
2012,Anzahl,21 bis unter 60 Jahre,Weiblich,,,,,,Opfer von vorsätzlicher Tötung,139.0
2013,Anzahl,21 bis unter 60 Jahre,Weiblich,,,,,,Opfer von vorsätzlicher Tötung,159.0
2014,Anzahl,21 bis unter 60 Jahre,Weiblich,,,,,,Opfer von vorsätzlicher Tötung,180.0
2015,Anzahl,21 bis unter 60 Jahre,Weiblich,,,,,,Opfer von vorsätzlicher Tötung,141.0
2016,Anzahl,21 bis unter 60 Jahre,Weiblich,,,,,,Opfer von vorsätzlicher Tötung,236.0
2017,Anzahl,21 bis unter 60 Jahre,Weiblich,,,,,,Opfer von vorsätzlicher Tötung,176.0
2018,Anzahl,21 bis unter 60 Jahre,Weiblich,,,,,,Opfer von vorsätzlicher Tötung,184.0
2019,Anzahl,21 bis unter 60 Jahre,Weiblich,,,,,,Opfer von vorsätzlicher Tötung,144.0
2020,Anzahl,21 bis unter 60 Jahre,Weiblich,,,,,,Opfer von vorsätzlicher Tötung,142.0
2021,Anzahl,21 bis unter 60 Jahre,Weiblich,,,,,,Opfer von vorsätzlicher Tötung,140.0
2022,Anzahl,21 bis unter 60 Jahre,Weiblich,,,,,,Opfer von vorsätzlicher Tötung,136.0
2023,Anzahl,21 bis unter 60 Jahre,Weiblich,,,,,,Opfer von vorsätzlicher Tötung,184.0
2024,Anzahl,21 bis unter 60 Jahre,Weiblich,,,,,,Opfer von vorsätzlicher Tötung,150.0
2025,Anzahl,21 bis unter 60 Jahre,Weiblich,,,,,,Opfer von vorsätzlicher Tötung,273.0
2010,Anzahl,21 bis unter 60 Jahre,Männlich,,,,,,Opfer von vorsätzlicher Tötung,246.0
2011,Anzahl,21 bis unter 60 Jahre,Männlich,,,,,,Opfer von vorsätzlicher Tötung,244.0
2012,Anzahl,21 bis unter 60 Jahre,Männlich,,,,,,Opfer von vorsätzlicher Tötung,220.0
2013,Anzahl,21 bis unter 60 Jahre,Männlich,,,,,,Opfer von vorsätzlicher Tötung,218.0
2014,Anzahl,21 bis unter 60 Jahre,Männlich,,,,,,Opfer von vorsätzlicher Tötung,225.0
2015,Anzahl,21 bis unter 60 Jahre,Männlich,,,,,,Opfer von vorsätzlicher Tötung,202.0
2016,Anzahl,21 bis unter 60 Jahre,Männlich,,,,,,Opfer von vorsätzlicher Tötung,291.0
2017,Anzahl,21 bis unter 60 Jahre,Männlich,,,,,,Opfer von vorsätzlicher Tötung,238.0
2018,Anzahl,21 bis unter 60 Jahre,Männlich,,,,,,Opfer von vorsätzlicher Tötung,261.0
2019,Anzahl,21 bis unter 60 Jahre,Männlich,,,,,,Opfer von vorsätzlicher Tötung,205.0
2020,Anzahl,21 bis unter 60 Jahre,Männlich,,,,,,Opfer von vorsätzlicher Tötung,236.0
2021,Anzahl,21 bis unter 60 Jahre,Männlich,,,,,,Opfer von vorsätzlicher Tötung,196.0
2022,Anzahl,21 bis unter 60 Jahre,Männlich,,,,,,Opfer von vorsätzlicher Tötung,198.0
2023,Anzahl,21 bis unter 60 Jahre,Männlich,,,,,,Opfer von vorsätzlicher Tötung,246.0
2024,Anzahl,21 bis unter 60 Jahre,Männlich,,,,,,Opfer von vorsätzlicher Tötung,262.0
2025,Anzahl,21 bis unter 60 Jahre,Männlich,,,,,,Opfer von vorsätzlicher Tötung,306.0
2010,Anzahl,60 Jahre und älter,Weiblich,,,,,,Opfer von vorsätzlicher Tötung,121.0
2011,Anzahl,60 Jahre und älter,Weiblich,,,,,,Opfer von vorsätzlicher Tötung,112.0
2012,Anzahl,60 Jahre und älter,Weiblich,,,,,,Opfer von vorsätzlicher Tötung,108.0
2013,Anzahl,60 Jahre und älter,Weiblich,,,,,,Opfer von vorsätzlicher Tötung,122.0
2014,Anzahl,60 Jahre und älter,Weiblich,,,,,,Opfer von vorsätzlicher Tötung,121.0
2015,Anzahl,60 Jahre und älter,Weiblich,,,,,,Opfer von vorsätzlicher Tötung,143.0
2016,Anzahl,60 Jahre und älter,Weiblich,,,,,,Opfer von vorsätzlicher Tötung,163.0
2017,Anzahl,60 Jahre und älter,Weiblich,,,,,,Opfer von vorsätzlicher Tötung,168.0
2018,Anzahl,60 Jahre und älter,Weiblich,,,,,,Opfer von vorsätzlicher Tötung,133.0
2019,Anzahl,60 Jahre und älter,Weiblich,,,,,,Opfer von vorsätzlicher Tötung,106.0
2020,Anzahl,60 Jahre und älter,Weiblich,,,,,,Opfer von vorsätzlicher Tötung,162.0
2021,Anzahl,60 Jahre und älter,Weiblich,,,,,,Opfer von vorsätzlicher Tötung,143.0
2022,Anzahl,60 Jahre und älter,Weiblich,,,,,,Opfer von vorsätzlicher Tötung,166.0
2023,Anzahl,60 Jahre und älter,Weiblich,,,,,,Opfer von vorsätzlicher Tötung,134.0
2024,Anzahl,60 Jahre und älter,Weiblich,,,,,,Opfer von vorsätzlicher Tötung,148.0
2025,Anzahl,60 Jahre und älter,Weiblich,,,,,,Opfer von vorsätzlicher Tötung,197.0
2010,Anzahl,60 Jahre und älter,Männlich,,,,,,Opfer von vorsätzlicher Tötung,87.0
2011,Anzahl,60 Jahre und älter,Männlich,,,,,,Opfer von vorsätzlicher Tötung,73.0
2012,Anzahl,60 Jahre und älter,Männlich,,,,,,Opfer von vorsätzlicher Tötung,73.0
2013,Anzahl,60 Jahre und älter,Männlich,,,,,,Opfer von vorsätzlicher Tötung,90.0
2014,Anzahl,60 Jahre und älter,Männlich,,,,,,Opfer von vorsätzlicher Tötung,92.0
2015,Anzahl,60 Jahre und älter,Männlich,,,,,,Opfer von vorsätzlicher Tötung,102.0
2016,Anzahl,60 Jahre und älter,Männlich,,,,,,Opfer von vorsätzlicher Tötung,127.0
2017,Anzahl,60 Jahre und älter,Männlich,,,,,,Opfer von vorsätzlicher Tötung,144.0
2018,Anzahl,60 Jahre und älter,Männlich,,,,,,Opfer von vorsätzlicher Tötung,100.0
2019,Anzahl,60 Jahre und älter,Männlich,,,,,,Opfer von vorsätzlicher Tötung,95.0
2020,Anzahl,60 Jahre und älter,Männlich,,,,,,Opfer von vorsätzlicher Tötung,130.0
2021,Anzahl,60 Jahre und älter,Männlich,,,,,,Opfer von vorsätzlicher Tötung,100.0
2022,Anzahl,60 Jahre und älter,Männlich,,,,,,Opfer von vorsätzlicher Tötung,98.0
2023,Anzahl,60 Jahre und älter,Männlich,,,,,,Opfer von vorsätzlicher Tötung,99.0
2024,Anzahl,60 Jahre und älter,Männlich,,,,,,Opfer von vorsätzlicher Tötung,121.0
2025,Anzahl,60 Jahre und älter,Männlich,,,,,,Opfer von vorsätzlicher Tötung,174.0
2010,Anzahl,,,Intimpartner oder Familienmitglied,,,,,Opfer von vorsätzlicher Tötung,343.0
2011,Anzahl,,,Intimpartner oder Familienmitglied,,,,,Opfer von vorsätzlicher Tötung,318.0
2012,Anzahl,,,Intimpartner oder Familienmitglied,,,,,Opfer von vorsätzlicher Tötung,287.0
2013,Anzahl,,,Intimpartner oder Familienmitglied,,,,,Opfer von vorsätzlicher Tötung,308.0
2014,Anzahl,,,Intimpartner oder Familienmitglied,,,,,Opfer von vorsätzlicher Tötung,340.0
2015,Anzahl,,,Intimpartner oder Familienmitglied,,,,,Opfer von vorsätzlicher Tötung,293.0
2016,Anzahl,,,Intimpartner oder Familienmitglied,,,,,Opfer von vorsätzlicher Tötung,325.0
2017,Anzahl,,,Intimpartner oder Familienmitglied,,,,,Opfer von vorsätzlicher Tötung,336.0
2018,Anzahl,,,Intimpartner oder Familienmitglied,,,,,Opfer von vorsätzlicher Tötung,310.0
2019,Anzahl,,,Intimpartner oder Familienmitglied,,,,,Opfer von vorsätzlicher Tötung,282.0
2020,Anzahl,,,Intimpartner oder Familienmitglied,,,,,Opfer von vorsätzlicher Tötung,332.0
2021,Anzahl,,,Intimpartner oder Familienmitglied,,,,,Opfer von vorsätzlicher Tötung,286.0
2022,Anzahl,,,Intimpartner oder Familienmitglied,,,,,Opfer von vorsätzlicher Tötung,271.0
2023,Anzahl,,,Intimpartner oder Familienmitglied,,,,,Opfer von vorsätzlicher Tötung,341.0
2024,Anzahl,,,Intimpartner oder Familienmitglied,,,,,Opfer von vorsätzlicher Tötung,304.0
2025,Anzahl,,,Intimpartner oder Familienmitglied,,,,,Opfer von vorsätzlicher Tötung,310.0
2010,Anzahl,,Weiblich,Intimpartner oder Familienmitglied,,,,,Opfer von vorsätzlicher Tötung,232.0
2011,Anzahl,,Weiblich,Intimpartner oder Familienmitglied,,,,,Opfer von vorsätzlicher Tötung,228.0
2012,Anzahl,,Weiblich,Intimpartner oder Familienmitglied,,,,,Opfer von vorsätzlicher Tötung,182.0
2013,Anzahl,,Weiblich,Intimpartner oder Familienmitglied,,,,,Opfer von vorsätzlicher Tötung,224.0
2014,Anzahl,,Weiblich,Intimpartner oder Familienmitglied,,,,,Opfer von vorsätzlicher Tötung,241.0
2015,Anzahl,,Weiblich,Intimpartner oder Familienmitglied,,,,,Opfer von vorsätzlicher Tötung,210.0
2016,Anzahl,,Weiblich,Intimpartner oder Familienmitglied,,,,,Opfer von vorsätzlicher Tötung,238.0
2017,Anzahl,,Weiblich,Intimpartner oder Familienmitglied,,,,,Opfer von vorsätzlicher Tötung,231.0
2018,Anzahl,,Weiblich,Intimpartner oder Familienmitglied,,,,,Opfer von vorsätzlicher Tötung,204.0
2019,Anzahl,,Weiblich,Intimpartner oder Familienmitglied,,,,,Opfer von vorsätzlicher Tötung,187.0
2020,Anzahl,,Weiblich,Intimpartner oder Familienmitglied,,,,,Opfer von vorsätzlicher Tötung,225.0
2021,Anzahl,,Weiblich,Intimpartner oder Familienmitglied,,,,,Opfer von vorsätzlicher Tötung,207.0
2022,Anzahl,,Weiblich,Intimpartner oder Familienmitglied,,,,,Opfer von vorsätzlicher Tötung,198.0
2023,Anzahl,,Weiblich,Intimpartner oder Familienmitglied,,,,,Opfer von vorsätzlicher Tötung,253.0
2024,Anzahl,,Weiblich,Intimpartner oder Familienmitglied,,,,,Opfer von vorsätzlicher Tötung,203.0
2025,Anzahl,,Weiblich,Intimpartner oder Familienmitglied,,,,,Opfer von vorsätzlicher Tötung,220.0
2010,Anzahl,,Männlich,Intimpartner oder Familienmitglied,,,,,Opfer von vorsätzlicher Tötung,111.0
2011,Anzahl,,Männlich,Intimpartner oder Familienmitglied,,,,,Opfer von vorsätzlicher Tötung,90.0
2012,Anzahl,,Männlich,Intimpartner oder Familienmitglied,,,,,Opfer von vorsätzlicher Tötung,105.0
2013,Anzahl,,Männlich,Intimpartner oder Familienmitglied,,,,,Opfer von vorsätzlicher Tötung,84.0
2014,Anzahl,,Männlich,Intimpartner oder Familienmitglied,,,,,Opfer von vorsätzlicher Tötung,99.0
2015,Anzahl,,Männlich,Intimpartner oder Familienmitglied,,,,,Opfer von vorsätzlicher Tötung,83.0
2016,Anzahl,,Männlich,Intimpartner oder Familienmitglied,,,,,Opfer von vorsätzlicher Tötung,87.0
2017,Anzahl,,Männlich,Intimpartner oder Familienmitglied,,,,,Opfer von vorsätzlicher Tötung,105.0
2018,Anzahl,,Männlich,Intimpartner oder Familienmitglied,,,,,Opfer von vorsätzlicher Tötung,106.0
2019,Anzahl,,Männlich,Intimpartner oder Familienmitglied,,,,,Opfer von vorsätzlicher Tötung,95.0
2020,Anzahl,,Männlich,Intimpartner oder Familienmitglied,,,,,Opfer von vorsätzlicher Tötung,107.0
2021,Anzahl,,Männlich,Intimpartner oder Familienmitglied,,,,,Opfer von vorsätzlicher Tötung,79.0
2022,Anzahl,,Männlich,Intimpartner oder Familienmitglied,,,,,Opfer von vorsätzlicher Tötung,73.0
2023,Anzahl,,Männlich,Intimpartner oder Familienmitglied,,,,,Opfer von vorsätzlicher Tötung,88.0
2024,Anzahl,,Männlich,Intimpartner oder Familienmitglied,,,,,Opfer von vorsätzlicher Tötung,101.0
2025,Anzahl,,Männlich,Intimpartner oder Familienmitglied,,,,,Opfer von vorsätzlicher Tötung,90.0
2010,Anzahl,,,Intimpartner,,.,,,Opfer von vorsätzlicher Tötung,
2011,Anzahl,,,Intimpartner,,.,,,Opfer von vorsätzlicher Tötung,
2012,Anzahl,,,Intimpartner,,,,,Opfer von vorsätzlicher Tötung,133.0
2013,Anzahl,,,Intimpartner,,,,,Opfer von vorsätzlicher Tötung,175.0
2014,Anzahl,,,Intimpartner,,,,,Opfer von vorsätzlicher Tötung,197.0
2015,Anzahl,,,Intimpartner,,,,,Opfer von vorsätzlicher Tötung,163.0
2016,Anzahl,,,Intimpartner,,,,,Opfer von vorsätzlicher Tötung,181.0
2017,Anzahl,,,Intimpartner,,,,,Opfer von vorsätzlicher Tötung,189.0
2018,Anzahl,,,Intimpartner,,,,,Opfer von vorsätzlicher Tötung,155.0
2019,Anzahl,,,Intimpartner,,,,,Opfer von vorsätzlicher Tötung,156.0
2020,Anzahl,,,Intimpartner,,,,,Opfer von vorsätzlicher Tötung,177.0
2021,Anzahl,,,Intimpartner,,,,,Opfer von vorsätzlicher Tötung,135.0
2022,Anzahl,,,Intimpartner,,,,,Opfer von vorsätzlicher Tötung,158.0
2023,Anzahl,,,Intimpartner,,,,,Opfer von vorsätzlicher Tötung,183.0
2024,Anzahl,,,Intimpartner,,,,,Opfer von vorsätzlicher Tötung,164.0
2025,Anzahl,,,Intimpartner,,,,,Opfer von vorsätzlicher Tötung,163.0
2010,Anzahl,,Weiblich,Intimpartner,,.,,,Opfer von vorsätzlicher Tötung,
2011,Anzahl,,Weiblich,Intimpartner,,.,,,Opfer von vorsätzlicher Tötung,
2012,Anzahl,,Weiblich,Intimpartner,,,,,Opfer von vorsätzlicher Tötung,113.0
2013,Anzahl,,Weiblich,Intimpartner,,,,,Opfer von vorsätzlicher Tötung,146.0
2014,Anzahl,,Weiblich,Intimpartner,,,,,Opfer von vorsätzlicher Tötung,167.0
2015,Anzahl,,Weiblich,Intimpartner,,,,,Opfer von vorsätzlicher Tötung,139.0
2016,Anzahl,,Weiblich,Intimpartner,,,,,Opfer von vorsätzlicher Tötung,164.0
2017,Anzahl,,Weiblich,Intimpartner,,,,,Opfer von vorsätzlicher Tötung,153.0
2018,Anzahl,,Weiblich,Intimpartner,,,,,Opfer von vorsätzlicher Tötung,127.0
2019,Anzahl,,Weiblich,Intimpartner,,,,,Opfer von vorsätzlicher Tötung,123.0
2020,Anzahl,,Weiblich,Intimpartner,,,,,Opfer von vorsätzlicher Tötung,146.0
2021,Anzahl,,Weiblich,Intimpartner,,,,,Opfer von vorsätzlicher Tötung,121.0
2022,Anzahl,,Weiblich,Intimpartner,,,,,Opfer von vorsätzlicher Tötung,137.0
2023,Anzahl,,Weiblich,Intimpartner,,,,,Opfer von vorsätzlicher Tötung,159.0
2024,Anzahl,,Weiblich,Intimpartner,,,,,Opfer von vorsätzlicher Tötung,138.0
2025,Anzahl,,Weiblich,Intimpartner,,,,,Opfer von vorsätzlicher Tötung,139.0
2010,Anzahl,,Männlich,Intimpartner,,.,,,Opfer von vorsätzlicher Tötung,
2011,Anzahl,,Männlich,Intimpartner,,.,,,Opfer von vorsätzlicher Tötung,
2012,Anzahl,,Männlich,Intimpartner,,,,,Opfer von vorsätzlicher Tötung,20.0
2013,Anzahl,,Männlich,Intimpartner,,,,,Opfer von vorsätzlicher Tötung,29.0
2014,Anzahl,,Männlich,Intimpartner,,,,,Opfer von vorsätzlicher Tötung,30.0
2015,Anzahl,,Männlich,Intimpartner,,,,,Opfer von vorsätzlicher Tötung,24.0
2016,Anzahl,,Männlich,Intimpartner,,,,,Opfer von vorsätzlicher Tötung,17.0
2017,Anzahl,,Männlich,Intimpartner,,,,,Opfer von vorsätzlicher Tötung,36.0
2018,Anzahl,,Männlich,Intimpartner,,,,,Opfer von vorsätzlicher Tötung,28.0
2019,Anzahl,,Männlich,Intimpartner,,,,,Opfer von vorsätzlicher Tötung,33.0
2020,Anzahl,,Männlich,Intimpartner,,,,,Opfer von vorsätzlicher Tötung,31.0
2021,Anzahl,,Männlich,Intimpartner,,,,,Opfer von vorsätzlicher Tötung,14.0
2022,Anzahl,,Männlich,Intimpartner,,,,,Opfer von vorsätzlicher Tötung,21.0
2023,Anzahl,,Männlich,Intimpartner,,,,,Opfer von vorsätzlicher Tötung,24.0
2024,Anzahl,,Männlich,Intimpartner,,,,,Opfer von vorsätzlicher Tötung,26.0
2025,Anzahl,,Männlich,Intimpartner,,,,,Opfer von vorsätzlicher Tötung,24.0
2010,Anzahl,,,Familienmitglied,,.,,,Opfer von vorsätzlicher Tötung,
2011,Anzahl,,,Familienmitglied,,.,,,Opfer von vorsätzlicher Tötung,
2012,Anzahl,,,Familienmitglied,,,,,Opfer von vorsätzlicher Tötung,154.0
2013,Anzahl,,,Familienmitglied,,,,,Opfer von vorsätzlicher Tötung,133.0
2014,Anzahl,,,Familienmitglied,,,,,Opfer von vorsätzlicher Tötung,143.0
2015,Anzahl,,,Familienmitglied,,,,,Opfer von vorsätzlicher Tötung,130.0
2016,Anzahl,,,Familienmitglied,,,,,Opfer von vorsätzlicher Tötung,144.0
2017,Anzahl,,,Familienmitglied,,,,,Opfer von vorsätzlicher Tötung,147.0
2018,Anzahl,,,Familienmitglied,,,,,Opfer von vorsätzlicher Tötung,155.0
2019,Anzahl,,,Familienmitglied,,,,,Opfer von vorsätzlicher Tötung,126.0
2020,Anzahl,,,Familienmitglied,,,,,Opfer von vorsätzlicher Tötung,155.0
2021,Anzahl,,,Familienmitglied,,,,,Opfer von vorsätzlicher Tötung,151.0
2022,Anzahl,,,Familienmitglied,,,,,Opfer von vorsätzlicher Tötung,113.0
2023,Anzahl,,,Familienmitglied,,,,,Opfer von vorsätzlicher Tötung,158.0
2024,Anzahl,,,Familienmitglied,,,,,Opfer von vorsätzlicher Tötung,140.0
2025,Anzahl,,,Familienmitglied,,,,,Opfer von vorsätzlicher Tötung,147.0
2010,Anzahl,,Weiblich,Familienmitglied,,.,,,Opfer von vorsätzlicher Tötung,
2011,Anzahl,,Weiblich,Familienmitglied,,.,,,Opfer von vorsätzlicher Tötung,
2012,Anzahl,,Weiblich,Familienmitglied,,,,,Opfer von vorsätzlicher Tötung,69.0
2013,Anzahl,,Weiblich,Familienmitglied,,,,,Opfer von vorsätzlicher Tötung,78.0
2014,Anzahl,,Weiblich,Familienmitglied,,,,,Opfer von vorsätzlicher Tötung,74.0
2015,Anzahl,,Weiblich,Familienmitglied,,,,,Opfer von vorsätzlicher Tötung,71.0
2016,Anzahl,,Weiblich,Familienmitglied,,,,,Opfer von vorsätzlicher Tötung,74.0
2017,Anzahl,,Weiblich,Familienmitglied,,,,,Opfer von vorsätzlicher Tötung,78.0
2018,Anzahl,,Weiblich,Familienmitglied,,,,,Opfer von vorsätzlicher Tötung,77.0
2019,Anzahl,,Weiblich,Familienmitglied,,,,,Opfer von vorsätzlicher Tötung,64.0
2020,Anzahl,,Weiblich,Familienmitglied,,,,,Opfer von vorsätzlicher Tötung,79.0
2021,Anzahl,,Weiblich,Familienmitglied,,,,,Opfer von vorsätzlicher Tötung,86.0
2022,Anzahl,,Weiblich,Familienmitglied,,,,,Opfer von vorsätzlicher Tötung,61.0
2023,Anzahl,,Weiblich,Familienmitglied,,,,,Opfer von vorsätzlicher Tötung,94.0
2024,Anzahl,,Weiblich,Familienmitglied,,,,,Opfer von vorsätzlicher Tötung,65.0
2025,Anzahl,,Weiblich,Familienmitglied,,,,,Opfer von vorsätzlicher Tötung,81.0
2010,Anzahl,,Männlich,Familienmitglied,,.,,,Opfer von vorsätzlicher Tötung,
2011,Anzahl,,Männlich,Familienmitglied,,.,,,Opfer von vorsätzlicher Tötung,
2012,Anzahl,,Männlich,Familienmitglied,,,,,Opfer von vorsätzlicher Tötung,85.0
2013,Anzahl,,Männlich,Familienmitglied,,,,,Opfer von vorsätzlicher Tötung,55.0
2014,Anzahl,,Männlich,Familienmitglied,,,,,Opfer von vorsätzlicher Tötung,69.0
2015,Anzahl,,Männlich,Familienmitglied,,,,,Opfer von vorsätzlicher Tötung,59.0
2016,Anzahl,,Männlich,Familienmitglied,,,,,Opfer von vorsätzlicher Tötung,70.0
2017,Anzahl,,Männlich,Familienmitglied,,,,,Opfer von vorsätzlicher Tötung,69.0
2018,Anzahl,,Männlich,Familienmitglied,,,,,Opfer von vorsätzlicher Tötung,78.0
2019,Anzahl,,Männlich,Familienmitglied,,,,,Opfer von vorsätzlicher Tötung,62.0
2020,Anzahl,,Männlich,Familienmitglied,,,,,Opfer von vorsätzlicher Tötung,76.0
2021,Anzahl,,Männlich,Familienmitglied,,,,,Opfer von vorsätzlicher Tötung,65.0
2022,Anzahl,,Männlich,Familienmitglied,,,,,Opfer von vorsätzlicher Tötung,52.0
2023,Anzahl,,Männlich,Familienmitglied,,,,,Opfer von vorsätzlicher Tötung,64.0
2024,Anzahl,,Männlich,Familienmitglied,,,,,Opfer von vorsätzlicher Tötung,75.0
2025,Anzahl,,Männlich,Familienmitglied,,,,,Opfer von vorsätzlicher Tötung,66.0
2010,Prozent,,,,,0,,,Opfer von vorsätzlicher Tötung,0.00097
2011,Prozent,,,,,0,,,Opfer von vorsätzlicher Tötung,0.00092
2012,Prozent,,,,,0,,,Opfer von vorsätzlicher Tötung,0.00082
2013,Prozent,,,,,0,,,Opfer von vorsätzlicher Tötung,0.00085
2014,Prozent,,,,,0,,,Opfer von vorsätzlicher Tötung,0.00088
2015,Prozent,,,,,0,,,Opfer von vorsätzlicher Tötung,0.00083
2016,Prozent,,,,,0,,,Opfer von vorsätzlicher Tötung,0.00117
2017,Prozent,,,,,0,,,Opfer von vorsätzlicher Tötung,0.00099
2018,Prozent,,,,,0,,,Opfer von vorsätzlicher Tötung,0.00096
2019,Prozent,,,,,0,,,Opfer von vorsätzlicher Tötung,0.00076
2020,Prozent,,,,,0,,,Opfer von vorsätzlicher Tötung,0.00095
2021,Prozent,,,,,0,,,Opfer von vorsätzlicher Tötung,0.00085
2022,Prozent,,,,,0,,,Opfer von vorsätzlicher Tötung,0.00083
2023,Prozent,,,,,0,,,Opfer von vorsätzlicher Tötung,0.00092
2024,Prozent,,,,,0,,,Opfer von vorsätzlicher Tötung,0.00093
2010,Prozent,13 Jahre und jünger,,,,0,,,Opfer von vorsätzlicher Tötung,0.00076
2011,Prozent,13 Jahre und jünger,,,,0,,,Opfer von vorsätzlicher Tötung,0.0008
2012,Prozent,13 Jahre und jünger,,,,0,,,Opfer von vorsätzlicher Tötung,0.00099
2013,Prozent,13 Jahre und jünger,,,,0,,,Opfer von vorsätzlicher Tötung,0.00073
2014,Prozent,13 Jahre und jünger,,,,0,,,Opfer von vorsätzlicher Tötung,0.00069
2015,Prozent,13 Jahre und jünger,,,,0,,,Opfer von vorsätzlicher Tötung,0.00067
2016,Prozent,13 Jahre und jünger,,,,0,,,Opfer von vorsätzlicher Tötung,0.00072
2017,Prozent,13 Jahre und jünger,,,,0,,,Opfer von vorsätzlicher Tötung,0.0007
2018,Prozent,13 Jahre und jünger,,,,0,,,Opfer von vorsätzlicher Tötung,0.00072
2019,Prozent,13 Jahre und jünger,,,,0,,,Opfer von vorsätzlicher Tötung,0.00047
2020,Prozent,13 Jahre und jünger,,,,0,,,Opfer von vorsätzlicher Tötung,0.00081
2021,Prozent,13 Jahre und jünger,,,,0,,,Opfer von vorsätzlicher Tötung,0.00085
2022,Prozent,13 Jahre und jünger,,,,0,,,Opfer von vorsätzlicher Tötung,0.00048
2023,Prozent,13 Jahre und jünger,,,,0,,,Opfer von vorsätzlicher Tötung,0.00066
2024,Prozent,13 Jahre und jünger,,,,0,,,Opfer von vorsätzlicher Tötung,0.00052
2010,Prozent,14 bis unter 18 Jahre,,,,0,,,Opfer von vorsätzlicher Tötung,0.00068
2011,Prozent,14 bis unter 18 Jahre,,,,0,,,Opfer von vorsätzlicher Tötung,0.00068
2012,Prozent,14 bis unter 18 Jahre,,,,0,,,Opfer von vorsätzlicher Tötung,0.00015
2013,Prozent,14 bis unter 18 Jahre,,,,0,,,Opfer von vorsätzlicher Tötung,0.0003
2014,Prozent,14 bis unter 18 Jahre,,,,0,,,Opfer von vorsätzlicher Tötung,0.00038
2015,Prozent,14 bis unter 18 Jahre,,,,0,,,Opfer von vorsätzlicher Tötung,0.00036
2016,Prozent,14 bis unter 18 Jahre,,,,0,,,Opfer von vorsätzlicher Tötung,0.0009
2017,Prozent,14 bis unter 18 Jahre,,,,0,,,Opfer von vorsätzlicher Tötung,0.00011
2018,Prozent,14 bis unter 18 Jahre,,,,0,,,Opfer von vorsätzlicher Tötung,0.00037
2019,Prozent,14 bis unter 18 Jahre,,,,0,,,Opfer von vorsätzlicher Tötung,0.0003
2020,Prozent,14 bis unter 18 Jahre,,,,0,,,Opfer von vorsätzlicher Tötung,0.00033
2021,Prozent,14 bis unter 18 Jahre,,,,0,,,Opfer von vorsätzlicher Tötung,0.00038
2022,Prozent,14 bis unter 18 Jahre,,,,0,,,Opfer von vorsätzlicher Tötung,0.00046
2023,Prozent,14 bis unter 18 Jahre,,,,0,,,Opfer von vorsätzlicher Tötung,0.00055
2024,Prozent,14 bis unter 18 Jahre,,,,0,,,Opfer von vorsätzlicher Tötung,0.00048
2010,Prozent,18 bis unter 21 Jahre,,,,0,,,Opfer von vorsätzlicher Tötung,0.00137
2011,Prozent,18 bis unter 21 Jahre,,,,0,,,Opfer von vorsätzlicher Tötung,0.00114
2012,Prozent,18 bis unter 21 Jahre,,,,0,,,Opfer von vorsätzlicher Tötung,0.00093
2013,Prozent,18 bis unter 21 Jahre,,,,0,,,Opfer von vorsätzlicher Tötung,0.00061
2014,Prozent,18 bis unter 21 Jahre,,,,0,,,Opfer von vorsätzlicher Tötung,0.00081
2015,Prozent,18 bis unter 21 Jahre,,,,0,,,Opfer von vorsätzlicher Tötung,0.0007
2016,Prozent,18 bis unter 21 Jahre,,,,0,,,Opfer von vorsätzlicher Tötung,0.00164
2017,Prozent,18 bis unter 21 Jahre,,,,0,,,Opfer von vorsätzlicher Tötung,0.00062
2018,Prozent,18 bis unter 21 Jahre,,,,0,,,Opfer von vorsätzlicher Tötung,0.00102
2019,Prozent,18 bis unter 21 Jahre,,,,0,,,Opfer von vorsätzlicher Tötung,0.00064
2020,Prozent,18 bis unter 21 Jahre,,,,0,,,Opfer von vorsätzlicher Tötung,0.00088
2021,Prozent,18 bis unter 21 Jahre,,,,0,,,Opfer von vorsätzlicher Tötung,0.00082
2022,Prozent,18 bis unter 21 Jahre,,,,0,,,Opfer von vorsätzlicher Tötung,0.00098
2023,Prozent,18 bis unter 21 Jahre,,,,0,,,Opfer von vorsätzlicher Tötung,0.00075
2024,Prozent,18 bis unter 21 Jahre,,,,0,,,Opfer von vorsätzlicher Tötung,0.00111
2010,Prozent,21 bis unter 60 Jahre,,,,0,,,Opfer von vorsätzlicher Tötung,0.00101
2011,Prozent,21 bis unter 60 Jahre,,,,0,,,Opfer von vorsätzlicher Tötung,0.00098
2012,Prozent,21 bis unter 60 Jahre,,,,0,,,Opfer von vorsätzlicher Tötung,0.00083
2013,Prozent,21 bis unter 60 Jahre,,,,0,,,Opfer von vorsätzlicher Tötung,0.00087
2014,Prozent,21 bis unter 60 Jahre,,,,0,,,Opfer von vorsätzlicher Tötung,0.00094
2015,Prozent,21 bis unter 60 Jahre,,,,0,,,Opfer von vorsätzlicher Tötung,0.00079
2016,Prozent,21 bis unter 60 Jahre,,,,0,,,Opfer von vorsätzlicher Tötung,0.00122
2017,Prozent,21 bis unter 60 Jahre,,,,0,,,Opfer von vorsätzlicher Tötung,0.00096
2018,Prozent,21 bis unter 60 Jahre,,,,0,,,Opfer von vorsätzlicher Tötung,0.00103
2019,Prozent,21 bis unter 60 Jahre,,,,0,,,Opfer von vorsätzlicher Tötung,0.00082
2020,Prozent,21 bis unter 60 Jahre,,,,0,,,Opfer von vorsätzlicher Tötung,0.00089
2021,Prozent,21 bis unter 60 Jahre,,,,0,,,Opfer von vorsätzlicher Tötung,0.0008
2022,Prozent,21 bis unter 60 Jahre,,,,0,,,Opfer von vorsätzlicher Tötung,0.00079
2023,Prozent,21 bis unter 60 Jahre,,,,0,,,Opfer von vorsätzlicher Tötung,0.00102
2024,Prozent,21 bis unter 60 Jahre,,,,0,,,Opfer von vorsätzlicher Tötung,0.00098
2010,Prozent,60 Jahre und älter,,,,0,,,Opfer von vorsätzlicher Tötung,0.00097
2011,Prozent,60 Jahre und älter,,,,0,,,Opfer von vorsätzlicher Tötung,0.00086
2012,Prozent,60 Jahre und älter,,,,0,,,Opfer von vorsätzlicher Tötung,0.00083
2013,Prozent,60 Jahre und älter,,,,0,,,Opfer von vorsätzlicher Tötung,0.00097
2014,Prozent,60 Jahre und älter,,,,0,,,Opfer von vorsätzlicher Tötung,0.00096
2015,Prozent,60 Jahre und älter,,,,0,,,Opfer von vorsätzlicher Tötung,0.00109
2016,Prozent,60 Jahre und älter,,,,0,,,Opfer von vorsätzlicher Tötung,0.00128
2017,Prozent,60 Jahre und älter,,,,0,,,Opfer von vorsätzlicher Tötung,0.00136
2018,Prozent,60 Jahre und älter,,,,0,,,Opfer von vorsätzlicher Tötung,0.001
2019,Prozent,60 Jahre und älter,,,,0,,,Opfer von vorsätzlicher Tötung,0.00085
2020,Prozent,60 Jahre und älter,,,,0,,,Opfer von vorsätzlicher Tötung,0.00122
2021,Prozent,60 Jahre und älter,,,,0,,,Opfer von vorsätzlicher Tötung,0.001
2022,Prozent,60 Jahre und älter,,,,0,,,Opfer von vorsätzlicher Tötung,0.00108
2023,Prozent,60 Jahre und älter,,,,0,,,Opfer von vorsätzlicher Tötung,0.00094
2024,Prozent,60 Jahre und älter,,,,0,,,Opfer von vorsätzlicher Tötung,0.00106
2010,Prozent,,Weiblich,,,0,,,Opfer von vorsätzlicher Tötung,0.00094
2011,Prozent,,Weiblich,,,0,,,Opfer von vorsätzlicher Tötung,0.00082
2012,Prozent,,Weiblich,,,0,,,Opfer von vorsätzlicher Tötung,0.00072
2013,Prozent,,Weiblich,,,0,,,Opfer von vorsätzlicher Tötung,0.0008
2014,Prozent,,Weiblich,,,0,,,Opfer von vorsätzlicher Tötung,0.00082
2015,Prozent,,Weiblich,,,0,,,Opfer von vorsätzlicher Tötung,0.00079
2016,Prozent,,Weiblich,,,0,,,Opfer von vorsätzlicher Tötung,0.00113
2017,Prozent,,Weiblich,,,0,,,Opfer von vorsätzlicher Tötung,0.00091
2018,Prozent,,Weiblich,,,0,,,Opfer von vorsätzlicher Tötung,0.00088
2019,Prozent,,Weiblich,,,0,,,Opfer von vorsätzlicher Tötung,0.00066
2020,Prozent,,Weiblich,,,0,,,Opfer von vorsätzlicher Tötung,0.00086
2021,Prozent,,Weiblich,,,0,,,Opfer von vorsätzlicher Tötung,0.00081
2022,Prozent,,Weiblich,,,0,,,Opfer von vorsätzlicher Tötung,0.00083
2023,Prozent,,Weiblich,,,0,,,Opfer von vorsätzlicher Tötung,0.00089
2024,Prozent,,Weiblich,,,0,,,Opfer von vorsätzlicher Tötung,0.0008
2010,Prozent,,Männlich,,,0,,,Opfer von vorsätzlicher Tötung,0.001
2011,Prozent,,Männlich,,,0,,,Opfer von vorsätzlicher Tötung,0.00102
2012,Prozent,,Männlich,,,0,,,Opfer von vorsätzlicher Tötung,0.00092
2013,Prozent,,Männlich,,,0,,,Opfer von vorsätzlicher Tötung,0.0009
2014,Prozent,,Männlich,,,0,,,Opfer von vorsätzlicher Tötung,0.00095
2015,Prozent,,Männlich,,,0,,,Opfer von vorsätzlicher Tötung,0.00088
2016,Prozent,,Männlich,,,0,,,Opfer von vorsätzlicher Tötung,0.00122
2017,Prozent,,Männlich,,,0,,,Opfer von vorsätzlicher Tötung,0.00107
2018,Prozent,,Männlich,,,0,,,Opfer von vorsätzlicher Tötung,0.00104
2019,Prozent,,Männlich,,,0,,,Opfer von vorsätzlicher Tötung,0.00086
2020,Prozent,,Männlich,,,0,,,Opfer von vorsätzlicher Tötung,0.00105
2021,Prozent,,Männlich,,,0,,,Opfer von vorsätzlicher Tötung,0.00089
2022,Prozent,,Männlich,,,0,,,Opfer von vorsätzlicher Tötung,0.00083
2023,Prozent,,Männlich,,,0,,,Opfer von vorsätzlicher Tötung,0.00096
2024,Prozent,,Männlich,,,0,,,Opfer von vorsätzlicher Tötung,0.00107
2010,Prozent,13 Jahre und jünger,Weiblich,,,0,,,Opfer von vorsätzlicher Tötung,0.00075
2011,Prozent,13 Jahre und jünger,Weiblich,,,0,,,Opfer von vorsätzlicher Tötung,0.00054
2012,Prozent,13 Jahre und jünger,Weiblich,,,0,,,Opfer von vorsätzlicher Tötung,0.00088
2013,Prozent,13 Jahre und jünger,Weiblich,,,0,,,Opfer von vorsätzlicher Tötung,0.00084
2014,Prozent,13 Jahre und jünger,Weiblich,,,0,,,Opfer von vorsätzlicher Tötung,0.00054
2015,Prozent,13 Jahre und jünger,Weiblich,,,0,,,Opfer von vorsätzlicher Tötung,0.00055
2016,Prozent,13 Jahre und jünger,Weiblich,,,0,,,Opfer von vorsätzlicher Tötung,0.00065
2017,Prozent,13 Jahre und jünger,Weiblich,,,0,,,Opfer von vorsätzlicher Tötung,0.0006
2018,Prozent,13 Jahre und jünger,Weiblich,,,0,,,Opfer von vorsätzlicher Tötung,0.00064
2019,Prozent,13 Jahre und jünger,Weiblich,,,0,,,Opfer von vorsätzlicher Tötung,0.00036
2020,Prozent,13 Jahre und jünger,Weiblich,,,0,,,Opfer von vorsätzlicher Tötung,0.0009
2021,Prozent,13 Jahre und jünger,Weiblich,,,0,,,Opfer von vorsätzlicher Tötung,0.0009
2022,Prozent,13 Jahre und jünger,Weiblich,,,0,,,Opfer von vorsätzlicher Tötung,0.00052
2023,Prozent,13 Jahre und jünger,Weiblich,,,0,,,Opfer von vorsätzlicher Tötung,0.00074
2024,Prozent,13 Jahre und jünger,Weiblich,,,0,,,Opfer von vorsätzlicher Tötung,0.00038
2010,Prozent,13 Jahre und jünger,Männlich,,,0,,,Opfer von vorsätzlicher Tötung,0.00077
2011,Prozent,13 Jahre und jünger,Männlich,,,0,,,Opfer von vorsätzlicher Tötung,0.00104
2012,Prozent,13 Jahre und jünger,Männlich,,,0,,,Opfer von vorsätzlicher Tötung,0.00109
2013,Prozent,13 Jahre und jünger,Männlich,,,0,,,Opfer von vorsätzlicher Tötung,0.00062
2014,Prozent,13 Jahre und jünger,Männlich,,,0,,,Opfer von vorsätzlicher Tötung,0.00084
2015,Prozent,13 Jahre und jünger,Männlich,,,0,,,Opfer von vorsätzlicher Tötung,0.00077
2016,Prozent,13 Jahre und jünger,Männlich,,,0,,,Opfer von vorsätzlicher Tötung,0.00078
2017,Prozent,13 Jahre und jünger,Männlich,,,0,,,Opfer von vorsätzlicher Tötung,0.00079
2018,Prozent,13 Jahre und jünger,Männlich,,,0,,,Opfer von vorsätzlicher Tötung,0.00081
2019,Prozent,13 Jahre und jünger,Männlich,,,0,,,Opfer von vorsätzlicher Tötung,0.00058
2020,Prozent,13 Jahre und jünger,Männlich,,,0,,,Opfer von vorsätzlicher Tötung,0.00072
2021,Prozent,13 Jahre und jünger,Männlich,,,0,,,Opfer von vorsätzlicher Tötung,0.0008
2022,Prozent,13 Jahre und jünger,Männlich,,,0,,,Opfer von vorsätzlicher Tötung,0.00044
2023,Prozent,13 Jahre und jünger,Männlich,,,0,,,Opfer von vorsätzlicher Tötung,0.00059
2024,Prozent,13 Jahre und jünger,Männlich,,,0,,,Opfer von vorsätzlicher Tötung,0.00065
2010,Prozent,14 bis unter 18 Jahre,Weiblich,,,0,,,Opfer von vorsätzlicher Tötung,0.00089
2011,Prozent,14 bis unter 18 Jahre,Weiblich,,,0,,,Opfer von vorsätzlicher Tötung,0.00062
2012,Prozent,14 bis unter 18 Jahre,Weiblich,,,‒,,,Opfer von vorsätzlicher Tötung,0.0
2013,Prozent,14 bis unter 18 Jahre,Weiblich,,,0,,,Opfer von vorsätzlicher Tötung,0.00021
2014,Prozent,14 bis unter 18 Jahre,Weiblich,,,0,,,Opfer von vorsätzlicher Tötung,0.00026
2015,Prozent,14 bis unter 18 Jahre,Weiblich,,,0,,,Opfer von vorsätzlicher Tötung,0.00048
2016,Prozent,14 bis unter 18 Jahre,Weiblich,,,0,,,Opfer von vorsätzlicher Tötung,0.00118
2017,Prozent,14 bis unter 18 Jahre,Weiblich,,,0,,,Opfer von vorsätzlicher Tötung,0.0
2018,Prozent,14 bis unter 18 Jahre,Weiblich,,,0,,,Opfer von vorsätzlicher Tötung,0.00044
2019,Prozent,14 bis unter 18 Jahre,Weiblich,,,0,,,Opfer von vorsätzlicher Tötung,0.00022
2020,Prozent,14 bis unter 18 Jahre,Weiblich,,,0,,,Opfer von vorsätzlicher Tötung,0.00022
2021,Prozent,14 bis unter 18 Jahre,Weiblich,,,0,,,Opfer von vorsätzlicher Tötung,0.00039
2022,Prozent,14 bis unter 18 Jahre,Weiblich,,,0,,,Opfer von vorsätzlicher Tötung,0.00082
2023,Prozent,14 bis unter 18 Jahre,Weiblich,,,0,,,Opfer von vorsätzlicher Tötung,0.00054
2024,Prozent,14 bis unter 18 Jahre,Weiblich,,,0,,,Opfer von vorsätzlicher Tötung,0.00047
2010,Prozent,14 bis unter 18 Jahre,Männlich,,,0,,,Opfer von vorsätzlicher Tötung,0.00048
2011,Prozent,14 bis unter 18 Jahre,Männlich,,,0,,,Opfer von vorsätzlicher Tötung,0.00074
2012,Prozent,14 bis unter 18 Jahre,Männlich,,,0,,,Opfer von vorsätzlicher Tötung,0.00029
2013,Prozent,14 bis unter 18 Jahre,Männlich,,,0,,,Opfer von vorsätzlicher Tötung,0.00039
2014,Prozent,14 bis unter 18 Jahre,Männlich,,,0,,,Opfer von vorsätzlicher Tötung,0.00049
2015,Prozent,14 bis unter 18 Jahre,Männlich,,,0,,,Opfer von vorsätzlicher Tötung,0.00025
2016,Prozent,14 bis unter 18 Jahre,Männlich,,,0,,,Opfer von vorsätzlicher Tötung,0.00065
2017,Prozent,14 bis unter 18 Jahre,Männlich,,,0,,,Opfer von vorsätzlicher Tötung,0.00015
2018,Prozent,14 bis unter 18 Jahre,Männlich,,,0,,,Opfer von vorsätzlicher Tötung,0.00031
2019,Prozent,14 bis unter 18 Jahre,Männlich,,,0,,,Opfer von vorsätzlicher Tötung,0.00037
2020,Prozent,14 bis unter 18 Jahre,Männlich,,,0,,,Opfer von vorsätzlicher Tötung,0.00042
2021,Prozent,14 bis unter 18 Jahre,Männlich,,,0,,,Opfer von vorsätzlicher Tötung,0.00037
2022,Prozent,14 bis unter 18 Jahre,Männlich,,,0,,,Opfer von vorsätzlicher Tötung,0.00013
2023,Prozent,14 bis unter 18 Jahre,Männlich,,,0,,,Opfer von vorsätzlicher Tötung,0.00056
2024,Prozent,14 bis unter 18 Jahre,Männlich,,,0,,,Opfer von vorsätzlicher Tötung,0.0005
2010,Prozent,18 bis unter 21 Jahre,Weiblich,,,0,,,Opfer von vorsätzlicher Tötung,0.0014
2011,Prozent,18 bis unter 21 Jahre,Weiblich,,,0,,,Opfer von vorsätzlicher Tötung,0.00081
2012,Prozent,18 bis unter 21 Jahre,Weiblich,,,0,,,Opfer von vorsätzlicher Tötung,0.00083
2013,Prozent,18 bis unter 21 Jahre,Weiblich,,,0,,,Opfer von vorsätzlicher Tötung,0.0005
2014,Prozent,18 bis unter 21 Jahre,Weiblich,,,0,,,Opfer von vorsätzlicher Tötung,0.00075
2015,Prozent,18 bis unter 21 Jahre,Weiblich,,,0,,,Opfer von vorsätzlicher Tötung,0.00073
2016,Prozent,18 bis unter 21 Jahre,Weiblich,,,0,,,Opfer von vorsätzlicher Tötung,0.00145
2017,Prozent,18 bis unter 21 Jahre,Weiblich,,,0,,,Opfer von vorsätzlicher Tötung,0.00057
2018,Prozent,18 bis unter 21 Jahre,Weiblich,,,0,,,Opfer von vorsätzlicher Tötung,0.00099
2019,Prozent,18 bis unter 21 Jahre,Weiblich,,,0,,,Opfer von vorsätzlicher Tötung,0.00042
2020,Prozent,18 bis unter 21 Jahre,Weiblich,,,0,,,Opfer von vorsätzlicher Tötung,0.00052
2021,Prozent,18 bis unter 21 Jahre,Weiblich,,,0,,,Opfer von vorsätzlicher Tötung,0.00036
2022,Prozent,18 bis unter 21 Jahre,Weiblich,,,0,,,Opfer von vorsätzlicher Tötung,0.0007
2023,Prozent,18 bis unter 21 Jahre,Weiblich,,,0,,,Opfer von vorsätzlicher Tötung,0.00078
2024,Prozent,18 bis unter 21 Jahre,Weiblich,,,0,,,Opfer von vorsätzlicher Tötung,0.00111
2010,Prozent,18 bis unter 21 Jahre,Männlich,,,0,,,Opfer von vorsätzlicher Tötung,0.00133
2011,Prozent,18 bis unter 21 Jahre,Männlich,,,0,,,Opfer von vorsätzlicher Tötung,0.00146
2012,Prozent,18 bis unter 21 Jahre,Männlich,,,0,,,Opfer von vorsätzlicher Tötung,0.00102
2013,Prozent,18 bis unter 21 Jahre,Männlich,,,0,,,Opfer von vorsätzlicher Tötung,0.00072
2014,Prozent,18 bis unter 21 Jahre,Männlich,,,0,,,Opfer von vorsätzlicher Tötung,0.00087
2015,Prozent,18 bis unter 21 Jahre,Männlich,,,0,,,Opfer von vorsätzlicher Tötung,0.00066
2016,Prozent,18 bis unter 21 Jahre,Männlich,,,0,,,Opfer von vorsätzlicher Tötung,0.00182
2017,Prozent,18 bis unter 21 Jahre,Männlich,,,0,,,Opfer von vorsätzlicher Tötung,0.00066
2018,Prozent,18 bis unter 21 Jahre,Männlich,,,0,,,Opfer von vorsätzlicher Tötung,0.00105
2019,Prozent,18 bis unter 21 Jahre,Männlich,,,0,,,Opfer von vorsätzlicher Tötung,0.00085
2020,Prozent,18 bis unter 21 Jahre,Männlich,,,0,,,Opfer von vorsätzlicher Tötung,0.00121
2021,Prozent,18 bis unter 21 Jahre,Männlich,,,0,,,Opfer von vorsätzlicher Tötung,0.00125
2022,Prozent,18 bis unter 21 Jahre,Männlich,,,0,,,Opfer von vorsätzlicher Tötung,0.00124
2023,Prozent,18 bis unter 21 Jahre,Männlich,,,0,,,Opfer von vorsätzlicher Tötung,0.00072
2024,Prozent,18 bis unter 21 Jahre,Männlich,,,0,,,Opfer von vorsätzlicher Tötung,0.0011
2010,Prozent,21 bis unter 60 Jahre,Weiblich,,,0,,,Opfer von vorsätzlicher Tötung,0.00093
2011,Prozent,21 bis unter 60 Jahre,Weiblich,,,0,,,Opfer von vorsätzlicher Tötung,0.00084
2012,Prozent,21 bis unter 60 Jahre,Weiblich,,,0,,,Opfer von vorsätzlicher Tötung,0.00065
2013,Prozent,21 bis unter 60 Jahre,Weiblich,,,0,,,Opfer von vorsätzlicher Tötung,0.00074
2014,Prozent,21 bis unter 60 Jahre,Weiblich,,,0,,,Opfer von vorsätzlicher Tötung,0.00084
2015,Prozent,21 bis unter 60 Jahre,Weiblich,,,0,,,Opfer von vorsätzlicher Tötung,0.00066
2016,Prozent,21 bis unter 60 Jahre,Weiblich,,,0,,,Opfer von vorsätzlicher Tötung,0.00111
2017,Prozent,21 bis unter 60 Jahre,Weiblich,,,0,,,Opfer von vorsätzlicher Tötung,0.00083
2018,Prozent,21 bis unter 60 Jahre,Weiblich,,,0,,,Opfer von vorsätzlicher Tötung,0.00087
2019,Prozent,21 bis unter 60 Jahre,Weiblich,,,0,,,Opfer von vorsätzlicher Tötung,0.00069
2020,Prozent,21 bis unter 60 Jahre,Weiblich,,,0,,,Opfer von vorsätzlicher Tötung,0.00068
2021,Prozent,21 bis unter 60 Jahre,Weiblich,,,0,,,Opfer von vorsätzlicher Tötung,0.00068
2022,Prozent,21 bis unter 60 Jahre,Weiblich,,,0,,,Opfer von vorsätzlicher Tötung,0.00066
2023,Prozent,21 bis unter 60 Jahre,Weiblich,,,0,,,Opfer von vorsätzlicher Tötung,0.00089
2024,Prozent,21 bis unter 60 Jahre,Weiblich,,,0,,,Opfer von vorsätzlicher Tötung,0.00073
2010,Prozent,21 bis unter 60 Jahre,Männlich,,,0,,,Opfer von vorsätzlicher Tötung,0.0011
2011,Prozent,21 bis unter 60 Jahre,Männlich,,,0,,,Opfer von vorsätzlicher Tötung,0.00112
2012,Prozent,21 bis unter 60 Jahre,Männlich,,,0,,,Opfer von vorsätzlicher Tötung,0.00101
2013,Prozent,21 bis unter 60 Jahre,Männlich,,,0,,,Opfer von vorsätzlicher Tötung,0.001
2014,Prozent,21 bis unter 60 Jahre,Männlich,,,0,,,Opfer von vorsätzlicher Tötung,0.00103
2015,Prozent,21 bis unter 60 Jahre,Männlich,,,0,,,Opfer von vorsätzlicher Tötung,0.00091
2016,Prozent,21 bis unter 60 Jahre,Männlich,,,0,,,Opfer von vorsätzlicher Tötung,0.00132
2017,Prozent,21 bis unter 60 Jahre,Männlich,,,0,,,Opfer von vorsätzlicher Tötung,0.00108
2018,Prozent,21 bis unter 60 Jahre,Männlich,,,0,,,Opfer von vorsätzlicher Tötung,0.00119
2019,Prozent,21 bis unter 60 Jahre,Männlich,,,0,,,Opfer von vorsätzlicher Tötung,0.00094
2020,Prozent,21 bis unter 60 Jahre,Männlich,,,0,,,Opfer von vorsätzlicher Tötung,0.0011
2021,Prozent,21 bis unter 60 Jahre,Männlich,,,0,,,Opfer von vorsätzlicher Tötung,0.00092
2022,Prozent,21 bis unter 60 Jahre,Männlich,,,0,,,Opfer von vorsätzlicher Tötung,0.00093
2023,Prozent,21 bis unter 60 Jahre,Männlich,,,0,,,Opfer von vorsätzlicher Tötung,0.00115
2024,Prozent,21 bis unter 60 Jahre,Männlich,,,0,,,Opfer von vorsätzlicher Tötung,0.00123
2010,Prozent,60 Jahre und älter,Weiblich,,,0,,,Opfer von vorsätzlicher Tötung,0.00101
2011,Prozent,60 Jahre und älter,Weiblich,,,0,,,Opfer von vorsätzlicher Tötung,0.00093
2012,Prozent,60 Jahre und älter,Weiblich,,,0,,,Opfer von vorsätzlicher Tötung,0.00089
2013,Prozent,60 Jahre und älter,Weiblich,,,0,,,Opfer von vorsätzlicher Tötung,0.001
2014,Prozent,60 Jahre und älter,Weiblich,,,0,,,Opfer von vorsätzlicher Tötung,0.00098
2015,Prozent,60 Jahre und älter,Weiblich,,,0,,,Opfer von vorsätzlicher Tötung,0.00115
2016,Prozent,60 Jahre und älter,Weiblich,,,0,,,Opfer von vorsätzlicher Tötung,0.0013
2017,Prozent,60 Jahre und älter,Weiblich,,,0,,,Opfer von vorsätzlicher Tötung,0.00133
2018,Prozent,60 Jahre und älter,Weiblich,,,0,,,Opfer von vorsätzlicher Tötung,0.00104
2019,Prozent,60 Jahre und älter,Weiblich,,,0,,,Opfer von vorsätzlicher Tötung,0.00082
2020,Prozent,60 Jahre und älter,Weiblich,,,0,,,Opfer von vorsätzlicher Tötung,0.00124
2021,Prozent,60 Jahre und älter,Weiblich,,,0,,,Opfer von vorsätzlicher Tötung,0.00108
2022,Prozent,60 Jahre und älter,Weiblich,,,0,,,Opfer von vorsätzlicher Tötung,0.00124
2023,Prozent,60 Jahre und älter,Weiblich,,,0,,,Opfer von vorsätzlicher Tötung,0.00099
2024,Prozent,60 Jahre und älter,Weiblich,,,0,,,Opfer von vorsätzlicher Tötung,0.00107
2010,Prozent,60 Jahre und älter,Männlich,,,0,,,Opfer von vorsätzlicher Tötung,0.00093
2011,Prozent,60 Jahre und älter,Männlich,,,0,,,Opfer von vorsätzlicher Tötung,0.00077
2012,Prozent,60 Jahre und älter,Männlich,,,0,,,Opfer von vorsätzlicher Tötung,0.00076
2013,Prozent,60 Jahre und älter,Männlich,,,0,,,Opfer von vorsätzlicher Tötung,0.00093
2014,Prozent,60 Jahre und älter,Männlich,,,0,,,Opfer von vorsätzlicher Tötung,0.00093
2015,Prozent,60 Jahre und älter,Männlich,,,0,,,Opfer von vorsätzlicher Tötung,0.00102
2016,Prozent,60 Jahre und älter,Männlich,,,0,,,Opfer von vorsätzlicher Tötung,0.00125
2017,Prozent,60 Jahre und älter,Männlich,,,0,,,Opfer von vorsätzlicher Tötung,0.0014
2018,Prozent,60 Jahre und älter,Männlich,,,0,,,Opfer von vorsätzlicher Tötung,0.00096
2019,Prozent,60 Jahre und älter,Männlich,,,0,,,Opfer von vorsätzlicher Tötung,0.00089
2020,Prozent,60 Jahre und älter,Männlich,,,0,,,Opfer von vorsätzlicher Tötung,0.0012
2021,Prozent,60 Jahre und älter,Männlich,,,0,,,Opfer von vorsätzlicher Tötung,0.00091
2022,Prozent,60 Jahre und älter,Männlich,,,0,,,Opfer von vorsätzlicher Tötung,0.00089
2023,Prozent,60 Jahre und älter,Männlich,,,0,,,Opfer von vorsätzlicher Tötung,0.00088
2024,Prozent,60 Jahre und älter,Männlich,,,0,,,Opfer von vorsätzlicher Tötung,0.00105
2012,Prozent,,,,Sehr sicher,r,,,(Un)Sicherheitsgefühl der Bevölkerung in ihrer Wohnumgebung (nach Einbruch der Dunkelheit),41.6
2017,Prozent,,,,Sehr sicher,,,,(Un)Sicherheitsgefühl der Bevölkerung in ihrer Wohnumgebung (nach Einbruch der Dunkelheit),36.7
2020,Prozent,,,,Sehr sicher,|,,,(Un)Sicherheitsgefühl der Bevölkerung in ihrer Wohnumgebung (nach Einbruch der Dunkelheit),25.8
2012,Prozent,,,,Eher sicher,r,,,(Un)Sicherheitsgefühl der Bevölkerung in ihrer Wohnumgebung (nach Einbruch der Dunkelheit),41.3
2017,Prozent,,,,Eher sicher,,,,(Un)Sicherheitsgefühl der Bevölkerung in ihrer Wohnumgebung (nach Einbruch der Dunkelheit),41.9
2020,Prozent,,,,Eher sicher,|,,,(Un)Sicherheitsgefühl der Bevölkerung in ihrer Wohnumgebung (nach Einbruch der Dunkelheit),46.3
2012,Prozent,,,,Eher unsicher,r,,,(Un)Sicherheitsgefühl der Bevölkerung in ihrer Wohnumgebung (nach Einbruch der Dunkelheit),12.4
2017,Prozent,,,,Eher unsicher,,,,(Un)Sicherheitsgefühl der Bevölkerung in ihrer Wohnumgebung (nach Einbruch der Dunkelheit),15.2
2020,Prozent,,,,Eher unsicher,|,,,(Un)Sicherheitsgefühl der Bevölkerung in ihrer Wohnumgebung (nach Einbruch der Dunkelheit),22.2
2012,Prozent,,,,Sehr unsicher,r,,,(Un)Sicherheitsgefühl der Bevölkerung in ihrer Wohnumgebung (nach Einbruch der Dunkelheit),4.7
2017,Prozent,,,,Sehr unsicher,,,,(Un)Sicherheitsgefühl der Bevölkerung in ihrer Wohnumgebung (nach Einbruch der Dunkelheit),6.3
2020,Prozent,,,,Sehr unsicher,|,,,(Un)Sicherheitsgefühl der Bevölkerung in ihrer Wohnumgebung (nach Einbruch der Dunkelheit),5.7
2012,Prozent,,Männlich,,Sehr sicher,,,,(Un)Sicherheitsgefühl der Bevölkerung in ihrer Wohnumgebung (nach Einbruch der Dunkelheit),54.7
2017,Prozent,,Weiblich,,Sehr sicher,,,,(Un)Sicherheitsgefühl der Bevölkerung in ihrer Wohnumgebung (nach Einbruch der Dunkelheit),24.4
2020,Prozent,,Weiblich,,Sehr sicher,|,,,(Un)Sicherheitsgefühl der Bevölkerung in ihrer Wohnumgebung (nach Einbruch der Dunkelheit),15.8
2012,Prozent,,Männlich,,Eher sicher,,,,(Un)Sicherheitsgefühl der Bevölkerung in ihrer Wohnumgebung (nach Einbruch der Dunkelheit),37.3
2017,Prozent,,Weiblich,,Eher sicher,,,,(Un)Sicherheitsgefühl der Bevölkerung in ihrer Wohnumgebung (nach Einbruch der Dunkelheit),43.7
2020,Prozent,,Weiblich,,Eher sicher,|,,,(Un)Sicherheitsgefühl der Bevölkerung in ihrer Wohnumgebung (nach Einbruch der Dunkelheit),45.5
2012,Prozent,,Männlich,,Eher unsicher,,,,(Un)Sicherheitsgefühl der Bevölkerung in ihrer Wohnumgebung (nach Einbruch der Dunkelheit),6.1
2017,Prozent,,Weiblich,,Eher unsicher,,,,(Un)Sicherheitsgefühl der Bevölkerung in ihrer Wohnumgebung (nach Einbruch der Dunkelheit),22.0
2020,Prozent,,Weiblich,,Eher unsicher,|,,,(Un)Sicherheitsgefühl der Bevölkerung in ihrer Wohnumgebung (nach Einbruch der Dunkelheit),30.1
2012,Prozent,,Männlich,,Sehr unsicher,,,,(Un)Sicherheitsgefühl der Bevölkerung in ihrer Wohnumgebung (nach Einbruch der Dunkelheit),1.9
2017,Prozent,,Weiblich,,Sehr unsicher,,,,(Un)Sicherheitsgefühl der Bevölkerung in ihrer Wohnumgebung (nach Einbruch der Dunkelheit),9.9
2020,Prozent,,Weiblich,,Sehr unsicher,|,,,(Un)Sicherheitsgefühl der Bevölkerung in ihrer Wohnumgebung (nach Einbruch der Dunkelheit),8.6
2012,Prozent,,Weiblich,,Sehr sicher,,,,(Un)Sicherheitsgefühl der Bevölkerung in ihrer Wohnumgebung (nach Einbruch der Dunkelheit),29.0
2017,Prozent,,Männlich,,Sehr sicher,,,,(Un)Sicherheitsgefühl der Bevölkerung in ihrer Wohnumgebung (nach Einbruch der Dunkelheit),49.4
2020,Prozent,,Männlich,,Sehr sicher,|,,,(Un)Sicherheitsgefühl der Bevölkerung in ihrer Wohnumgebung (nach Einbruch der Dunkelheit),36.2
2012,Prozent,,Weiblich,,Eher sicher,,,,(Un)Sicherheitsgefühl der Bevölkerung in ihrer Wohnumgebung (nach Einbruch der Dunkelheit),45.1
2017,Prozent,,Männlich,,Eher sicher,,,,(Un)Sicherheitsgefühl der Bevölkerung in ihrer Wohnumgebung (nach Einbruch der Dunkelheit),40.0
2020,Prozent,,Männlich,,Eher sicher,|,,,(Un)Sicherheitsgefühl der Bevölkerung in ihrer Wohnumgebung (nach Einbruch der Dunkelheit),47.1
2012,Prozent,,Weiblich,,Eher unsicher,,,,(Un)Sicherheitsgefühl der Bevölkerung in ihrer Wohnumgebung (nach Einbruch der Dunkelheit),18.4
2017,Prozent,,Männlich,,Eher unsicher,,,,(Un)Sicherheitsgefühl der Bevölkerung in ihrer Wohnumgebung (nach Einbruch der Dunkelheit),8.1
2020,Prozent,,Männlich,,Eher unsicher,|,,,(Un)Sicherheitsgefühl der Bevölkerung in ihrer Wohnumgebung (nach Einbruch der Dunkelheit),14.0
2012,Prozent,,Weiblich,,Sehr unsicher,,,,(Un)Sicherheitsgefühl der Bevölkerung in ihrer Wohnumgebung (nach Einbruch der Dunkelheit),7.4
2017,Prozent,,Männlich,,Sehr unsicher,,,,(Un)Sicherheitsgefühl der Bevölkerung in ihrer Wohnumgebung (nach Einbruch der Dunkelheit),2.6
2020,Prozent,,Männlich,,Sehr unsicher,|,,,(Un)Sicherheitsgefühl der Bevölkerung in ihrer Wohnumgebung (nach Einbruch der Dunkelheit),2.7
2012,Prozent,16 bis unter 25 Jahre,,,Sehr sicher,,,,(Un)Sicherheitsgefühl der Bevölkerung in ihrer Wohnumgebung (nach Einbruch der Dunkelheit),41.4
2017,Prozent,16 bis unter 25 Jahre,,,Sehr sicher,,,,(Un)Sicherheitsgefühl der Bevölkerung in ihrer Wohnumgebung (nach Einbruch der Dunkelheit),38.8
2020,Prozent,16 bis unter 25 Jahre,,,Sehr sicher,|,,,(Un)Sicherheitsgefühl der Bevölkerung in ihrer Wohnumgebung (nach Einbruch der Dunkelheit),32.5
2012,Prozent,16 bis unter 25 Jahre,,,Eher sicher,,,,(Un)Sicherheitsgefühl der Bevölkerung in ihrer Wohnumgebung (nach Einbruch der Dunkelheit),37.9
2017,Prozent,16 bis unter 25 Jahre,,,Eher sicher,,,,(Un)Sicherheitsgefühl der Bevölkerung in ihrer Wohnumgebung (nach Einbruch der Dunkelheit),40.7
2020,Prozent,16 bis unter 25 Jahre,,,Eher sicher,|,,,(Un)Sicherheitsgefühl der Bevölkerung in ihrer Wohnumgebung (nach Einbruch der Dunkelheit),38.2
2012,Prozent,16 bis unter 25 Jahre,,,Eher unsicher,,,,(Un)Sicherheitsgefühl der Bevölkerung in ihrer Wohnumgebung (nach Einbruch der Dunkelheit),14.8
2017,Prozent,16 bis unter 25 Jahre,,,Eher unsicher,,,,(Un)Sicherheitsgefühl der Bevölkerung in ihrer Wohnumgebung (nach Einbruch der Dunkelheit),15.0
2020,Prozent,16 bis unter 25 Jahre,,,Eher unsicher,|,,,(Un)Sicherheitsgefühl der Bevölkerung in ihrer Wohnumgebung (nach Einbruch der Dunkelheit),20.9
2012,Prozent,16 bis unter 25 Jahre,,,Sehr unsicher,,,,(Un)Sicherheitsgefühl der Bevölkerung in ihrer Wohnumgebung (nach Einbruch der Dunkelheit),5.9
2017,Prozent,16 bis unter 25 Jahre,,,Sehr unsicher,,,,(Un)Sicherheitsgefühl der Bevölkerung in ihrer Wohnumgebung (nach Einbruch der Dunkelheit),5.5
2020,Prozent,16 bis unter 25 Jahre,,,Sehr unsicher,|,,,(Un)Sicherheitsgefühl der Bevölkerung in ihrer Wohnumgebung (nach Einbruch der Dunkelheit),8.3
2012,Prozent,25 bis unter 35 Jahre,,,Sehr sicher,,,,(Un)Sicherheitsgefühl der Bevölkerung in ihrer Wohnumgebung (nach Einbruch der Dunkelheit),44.0
2017,Prozent,25 bis unter 35 Jahre,,,Sehr sicher,,,,(Un)Sicherheitsgefühl der Bevölkerung in ihrer Wohnumgebung (nach Einbruch der Dunkelheit),39.2
2020,Prozent,25 bis unter 35 Jahre,,,Sehr sicher,|,,,(Un)Sicherheitsgefühl der Bevölkerung in ihrer Wohnumgebung (nach Einbruch der Dunkelheit),32.3
2012,Prozent,25 bis unter 35 Jahre,,,Eher sicher,,,,(Un)Sicherheitsgefühl der Bevölkerung in ihrer Wohnumgebung (nach Einbruch der Dunkelheit),43.4
2017,Prozent,25 bis unter 35 Jahre,,,Eher sicher,,,,(Un)Sicherheitsgefühl der Bevölkerung in ihrer Wohnumgebung (nach Einbruch der Dunkelheit),42.9
2020,Prozent,25 bis unter 35 Jahre,,,Eher sicher,|,,,(Un)Sicherheitsgefühl der Bevölkerung in ihrer Wohnumgebung (nach Einbruch der Dunkelheit),43.0
2012,Prozent,25 bis unter 35 Jahre,,,Eher unsicher,,,,(Un)Sicherheitsgefühl der Bevölkerung in ihrer Wohnumgebung (nach Einbruch der Dunkelheit),8.7
2017,Prozent,25 bis unter 35 Jahre,,,Eher unsicher,,,,(Un)Sicherheitsgefühl der Bevölkerung in ihrer Wohnumgebung (nach Einbruch der Dunkelheit),12.9
2020,Prozent,25 bis unter 35 Jahre,,,Eher unsicher,|,,,(Un)Sicherheitsgefühl der Bevölkerung in ihrer Wohnumgebung (nach Einbruch der Dunkelheit),19.2
2012,Prozent,25 bis unter 35 Jahre,,,Sehr unsicher,,,,(Un)Sicherheitsgefühl der Bevölkerung in ihrer Wohnumgebung (nach Einbruch der Dunkelheit),3.9
2017,Prozent,25 bis unter 35 Jahre,,,Sehr unsicher,,,,(Un)Sicherheitsgefühl der Bevölkerung in ihrer Wohnumgebung (nach Einbruch der Dunkelheit),5.0
2020,Prozent,25 bis unter 35 Jahre,,,Sehr unsicher,|,,,(Un)Sicherheitsgefühl der Bevölkerung in ihrer Wohnumgebung (nach Einbruch der Dunkelheit),5.4
2012,Prozent,35 bis unter 45 Jahre,,,Sehr sicher,,,,(Un)Sicherheitsgefühl der Bevölkerung in ihrer Wohnumgebung (nach Einbruch der Dunkelheit),47.2
2017,Prozent,35 bis unter 45 Jahre,,,Sehr sicher,,,,(Un)Sicherheitsgefühl der Bevölkerung in ihrer Wohnumgebung (nach Einbruch der Dunkelheit),40.1
2020,Prozent,35 bis unter 45 Jahre,,,Sehr sicher,|,,,(Un)Sicherheitsgefühl der Bevölkerung in ihrer Wohnumgebung (nach Einbruch der Dunkelheit),31.3
2012,Prozent,35 bis unter 45 Jahre,,,Eher sicher,,,,(Un)Sicherheitsgefühl der Bevölkerung in ihrer Wohnumgebung (nach Einbruch der Dunkelheit),41.4
2017,Prozent,35 bis unter 45 Jahre,,,Eher sicher,,,,(Un)Sicherheitsgefühl der Bevölkerung in ihrer Wohnumgebung (nach Einbruch der Dunkelheit),41.4
2020,Prozent,35 bis unter 45 Jahre,,,Eher sicher,|,,,(Un)Sicherheitsgefühl der Bevölkerung in ihrer Wohnumgebung (nach Einbruch der Dunkelheit),45.5
2012,Prozent,35 bis unter 45 Jahre,,,Eher unsicher,,,,(Un)Sicherheitsgefühl der Bevölkerung in ihrer Wohnumgebung (nach Einbruch der Dunkelheit),8.6
2017,Prozent,35 bis unter 45 Jahre,,,Eher unsicher,,,,(Un)Sicherheitsgefühl der Bevölkerung in ihrer Wohnumgebung (nach Einbruch der Dunkelheit),13.3
2020,Prozent,35 bis unter 45 Jahre,,,Eher unsicher,|,,,(Un)Sicherheitsgefühl der Bevölkerung in ihrer Wohnumgebung (nach Einbruch der Dunkelheit),18.9
2012,Prozent,35 bis unter 45 Jahre,,,Sehr unsicher,,,,(Un)Sicherheitsgefühl der Bevölkerung in ihrer Wohnumgebung (nach Einbruch der Dunkelheit),2.8
2017,Prozent,35 bis unter 45 Jahre,,,Sehr unsicher,,,,(Un)Sicherheitsgefühl der Bevölkerung in ihrer Wohnumgebung (nach Einbruch der Dunkelheit),5.2
2020,Prozent,35 bis unter 45 Jahre,,,Sehr unsicher,|,,,(Un)Sicherheitsgefühl der Bevölkerung in ihrer Wohnumgebung (nach Einbruch der Dunkelheit),4.3
2012,Prozent,45 bis unter 55 Jahre,,,Sehr sicher,,,,(Un)Sicherheitsgefühl der Bevölkerung in ihrer Wohnumgebung (nach Einbruch der Dunkelheit),45.7
2017,Prozent,45 bis unter 55 Jahre,,,Sehr sicher,,,,(Un)Sicherheitsgefühl der Bevölkerung in ihrer Wohnumgebung (nach Einbruch der Dunkelheit),39.9
2020,Prozent,45 bis unter 55 Jahre,,,Sehr sicher,|,,,(Un)Sicherheitsgefühl der Bevölkerung in ihrer Wohnumgebung (nach Einbruch der Dunkelheit),28.3
2012,Prozent,45 bis unter 55 Jahre,,,Eher sicher,,,,(Un)Sicherheitsgefühl der Bevölkerung in ihrer Wohnumgebung (nach Einbruch der Dunkelheit),42.7
2017,Prozent,45 bis unter 55 Jahre,,,Eher sicher,,,,(Un)Sicherheitsgefühl der Bevölkerung in ihrer Wohnumgebung (nach Einbruch der Dunkelheit),42.6
2020,Prozent,45 bis unter 55 Jahre,,,Eher sicher,|,,,(Un)Sicherheitsgefühl der Bevölkerung in ihrer Wohnumgebung (nach Einbruch der Dunkelheit),46.9
2012,Prozent,45 bis unter 55 Jahre,,,Eher unsicher,,,,(Un)Sicherheitsgefühl der Bevölkerung in ihrer Wohnumgebung (nach Einbruch der Dunkelheit),8.7
2017,Prozent,45 bis unter 55 Jahre,,,Eher unsicher,,,,(Un)Sicherheitsgefühl der Bevölkerung in ihrer Wohnumgebung (nach Einbruch der Dunkelheit),12.0
2020,Prozent,45 bis unter 55 Jahre,,,Eher unsicher,|,,,(Un)Sicherheitsgefühl der Bevölkerung in ihrer Wohnumgebung (nach Einbruch der Dunkelheit),20.0
2012,Prozent,45 bis unter 55 Jahre,,,Sehr unsicher,,,,(Un)Sicherheitsgefühl der Bevölkerung in ihrer Wohnumgebung (nach Einbruch der Dunkelheit),2.9
2017,Prozent,45 bis unter 55 Jahre,,,Sehr unsicher,,,,(Un)Sicherheitsgefühl der Bevölkerung in ihrer Wohnumgebung (nach Einbruch der Dunkelheit),5.5
2020,Prozent,45 bis unter 55 Jahre,,,Sehr unsicher,|,,,(Un)Sicherheitsgefühl der Bevölkerung in ihrer Wohnumgebung (nach Einbruch der Dunkelheit),4.8
2012,Prozent,55 bis unter 65 Jahre,,,Sehr sicher,,,,(Un)Sicherheitsgefühl der Bevölkerung in ihrer Wohnumgebung (nach Einbruch der Dunkelheit),43.1
2017,Prozent,55 bis unter 65 Jahre,,,Sehr sicher,,,,(Un)Sicherheitsgefühl der Bevölkerung in ihrer Wohnumgebung (nach Einbruch der Dunkelheit),37.6
2020,Prozent,55 bis unter 65 Jahre,,,Sehr sicher,|,,,(Un)Sicherheitsgefühl der Bevölkerung in ihrer Wohnumgebung (nach Einbruch der Dunkelheit),24.1
2012,Prozent,55 bis unter 65 Jahre,,,Eher sicher,,,,(Un)Sicherheitsgefühl der Bevölkerung in ihrer Wohnumgebung (nach Einbruch der Dunkelheit),42.1
2017,Prozent,55 bis unter 65 Jahre,,,Eher sicher,,,,(Un)Sicherheitsgefühl der Bevölkerung in ihrer Wohnumgebung (nach Einbruch der Dunkelheit),42.9
2020,Prozent,55 bis unter 65 Jahre,,,Eher sicher,|,,,(Un)Sicherheitsgefühl der Bevölkerung in ihrer Wohnumgebung (nach Einbruch der Dunkelheit),50.3
2012,Prozent,55 bis unter 65 Jahre,,,Eher unsicher,,,,(Un)Sicherheitsgefühl der Bevölkerung in ihrer Wohnumgebung (nach Einbruch der Dunkelheit),11.1
2017,Prozent,55 bis unter 65 Jahre,,,Eher unsicher,,,,(Un)Sicherheitsgefühl der Bevölkerung in ihrer Wohnumgebung (nach Einbruch der Dunkelheit),13.9
2020,Prozent,55 bis unter 65 Jahre,,,Eher unsicher,|,,,(Un)Sicherheitsgefühl der Bevölkerung in ihrer Wohnumgebung (nach Einbruch der Dunkelheit),20.8
2012,Prozent,55 bis unter 65 Jahre,,,Sehr unsicher,,,,(Un)Sicherheitsgefühl der Bevölkerung in ihrer Wohnumgebung (nach Einbruch der Dunkelheit),3.8
2017,Prozent,55 bis unter 65 Jahre,,,Sehr unsicher,,,,(Un)Sicherheitsgefühl der Bevölkerung in ihrer Wohnumgebung (nach Einbruch der Dunkelheit),5.6
2020,Prozent,55 bis unter 65 Jahre,,,Sehr unsicher,|,,,(Un)Sicherheitsgefühl der Bevölkerung in ihrer Wohnumgebung (nach Einbruch der Dunkelheit),4.8
2012,Prozent,65 bis unter 75 Jahre,,,Sehr sicher,,,,(Un)Sicherheitsgefühl der Bevölkerung in ihrer Wohnumgebung (nach Einbruch der Dunkelheit),35.6
2017,Prozent,65 bis unter 75 Jahre,,,Sehr sicher,,,,(Un)Sicherheitsgefühl der Bevölkerung in ihrer Wohnumgebung (nach Einbruch der Dunkelheit),32.8
2020,Prozent,65 bis unter 75 Jahre,,,Sehr sicher,|,,,(Un)Sicherheitsgefühl der Bevölkerung in ihrer Wohnumgebung (nach Einbruch der Dunkelheit),18.9
2012,Prozent,65 bis unter 75 Jahre,,,Eher sicher,,,,(Un)Sicherheitsgefühl der Bevölkerung in ihrer Wohnumgebung (nach Einbruch der Dunkelheit),42.2
2017,Prozent,65 bis unter 75 Jahre,,,Eher sicher,,,,(Un)Sicherheitsgefühl der Bevölkerung in ihrer Wohnumgebung (nach Einbruch der Dunkelheit),41.4
2020,Prozent,65 bis unter 75 Jahre,,,Eher sicher,|,,,(Un)Sicherheitsgefühl der Bevölkerung in ihrer Wohnumgebung (nach Einbruch der Dunkelheit),49.4
2012,Prozent,65 bis unter 75 Jahre,,,Eher unsicher,,,,(Un)Sicherheitsgefühl der Bevölkerung in ihrer Wohnumgebung (nach Einbruch der Dunkelheit),16.3
2017,Prozent,65 bis unter 75 Jahre,,,Eher unsicher,,,,(Un)Sicherheitsgefühl der Bevölkerung in ihrer Wohnumgebung (nach Einbruch der Dunkelheit),18.4
2020,Prozent,65 bis unter 75 Jahre,,,Eher unsicher,|,,,(Un)Sicherheitsgefühl der Bevölkerung in ihrer Wohnumgebung (nach Einbruch der Dunkelheit),26.1
2012,Prozent,65 bis unter 75 Jahre,,,Sehr unsicher,,,,(Un)Sicherheitsgefühl der Bevölkerung in ihrer Wohnumgebung (nach Einbruch der Dunkelheit),5.9
2017,Prozent,65 bis unter 75 Jahre,,,Sehr unsicher,,,,(Un)Sicherheitsgefühl der Bevölkerung in ihrer Wohnumgebung (nach Einbruch der Dunkelheit),7.3
2020,Prozent,65 bis unter 75 Jahre,,,Sehr unsicher,|,,,(Un)Sicherheitsgefühl der Bevölkerung in ihrer Wohnumgebung (nach Einbruch der Dunkelheit),5.7
2012,Prozent,75 Jahre und älter,,,Sehr sicher,,,,(Un)Sicherheitsgefühl der Bevölkerung in ihrer Wohnumgebung (nach Einbruch der Dunkelheit),26.9
2017,Prozent,75 Jahre und älter,,,Sehr sicher,,,,(Un)Sicherheitsgefühl der Bevölkerung in ihrer Wohnumgebung (nach Einbruch der Dunkelheit),25.9
2020,Prozent,75 Jahre und älter,,,Sehr sicher,|,,,(Un)Sicherheitsgefühl der Bevölkerung in ihrer Wohnumgebung (nach Einbruch der Dunkelheit),11.6
2012,Prozent,75 Jahre und älter,,,Eher sicher,,,,(Un)Sicherheitsgefühl der Bevölkerung in ihrer Wohnumgebung (nach Einbruch der Dunkelheit),37.4
2017,Prozent,75 Jahre und älter,,,Eher sicher,,,,(Un)Sicherheitsgefühl der Bevölkerung in ihrer Wohnumgebung (nach Einbruch der Dunkelheit),40.3
2020,Prozent,75 Jahre und älter,,,Eher sicher,|,,,(Un)Sicherheitsgefühl der Bevölkerung in ihrer Wohnumgebung (nach Einbruch der Dunkelheit),48.4
2012,Prozent,75 Jahre und älter,,,Eher unsicher,,,,(Un)Sicherheitsgefühl der Bevölkerung in ihrer Wohnumgebung (nach Einbruch der Dunkelheit),24.8
2017,Prozent,75 Jahre und älter,,,Eher unsicher,,,,(Un)Sicherheitsgefühl der Bevölkerung in ihrer Wohnumgebung (nach Einbruch der Dunkelheit),23.1
2020,Prozent,75 Jahre und älter,,,Eher unsicher,|,,,(Un)Sicherheitsgefühl der Bevölkerung in ihrer Wohnumgebung (nach Einbruch der Dunkelheit),31.8
2012,Prozent,75 Jahre und älter,,,Sehr unsicher,,,,(Un)Sicherheitsgefühl der Bevölkerung in ihrer Wohnumgebung (nach Einbruch der Dunkelheit),10.9
2017,Prozent,75 Jahre und älter,,,Sehr unsicher,,,,(Un)Sicherheitsgefühl der Bevölkerung in ihrer Wohnumgebung (nach Einbruch der Dunkelheit),10.7
2020,Prozent,75 Jahre und älter,,,Sehr unsicher,,,,(Un)Sicherheitsgefühl der Bevölkerung in ihrer Wohnumgebung (nach Einbruch der Dunkelheit),8.2
